image_id,pred-breed
7ede553357,thamnophis-sirtalis
3500b219e4,thamnophis-sirtalis
d43a78d6d9,thamnophis-sirtalis
1f36f26994,thamnophis-sirtalis
8cb85fc58e,thamnophis-sirtalis
7176bcfe9a,thamnophis-sirtalis
27f2d0f582,thamnophis-sirtalis
43eebba928,thamnophis-sirtalis
180a56f143,thamnophis-sirtalis
07fd20e8bd,thamnophis-sirtalis
d6145eb8ef,thamnophis-sirtalis
43cf88006f,pituophis-catenifer
545094975f,thamnophis-sirtalis
de232d35ce,thamnophis-sirtalis
f49f11daf4,thamnophis-sirtalis
be70c24805,thamnophis-sirtalis
8a68c61789,thamnophis-sirtalis
e4a0afbde5,crotalus-atrox
5d046e4a57,thamnophis-sirtalis
9450d432f1,thamnophis-sirtalis
24ae6b28c9,thamnophis-sirtalis
bbbcf461fd,thamnophis-sirtalis
25f864a129,thamnophis-sirtalis
9d63e29dab,thamnophis-sirtalis
560a7820ef,thamnophis-sirtalis
261a672081,thamnophis-sirtalis
e08cecfcc8,thamnophis-sirtalis
dcbaefa9de,thamnophis-sirtalis
4757eec719,thamnophis-sirtalis
7a5772b7df,thamnophis-sirtalis
756a3734d1,crotalus-atrox
bcb51ed4fd,thamnophis-sirtalis
b28a9dbd17,thamnophis-sirtalis
84496bd65b,thamnophis-sirtalis
97254f0a1e,thamnophis-sirtalis
738e860bf3,thamnophis-sirtalis
5b04af2d08,thamnophis-sirtalis
df1007a11e,thamnophis-sirtalis
71e4a3726c,thamnophis-sirtalis
9ec71badf5,thamnophis-sirtalis
9aaf30ca4e,thamnophis-sirtalis
502dbd30e8,thamnophis-sirtalis
6a0948343e,thamnophis-sirtalis
a9c94931b4,thamnophis-sirtalis
94f8b871bc,thamnophis-sirtalis
65be04e1a7,thamnophis-sirtalis
553b5be83f,thamnophis-sirtalis
f156e4b9ad,thamnophis-sirtalis
c195a35480,thamnophis-sirtalis
ba36d77d65,thamnophis-sirtalis
ac60cb4c64,thamnophis-sirtalis
e99babb9da,thamnophis-sirtalis
3f79415b22,thamnophis-sirtalis
07a7f4b8a2,thamnophis-sirtalis
8713b35996,thamnophis-sirtalis
8161aa3270,thamnophis-sirtalis
c084141ebb,thamnophis-sirtalis
3f264dfa93,thamnophis-sirtalis
ac29145967,thamnophis-sirtalis
14cc5c0b07,thamnophis-sirtalis
0d53f3592b,thamnophis-sirtalis
339702c73e,thamnophis-sirtalis
d9282cfc2f,thamnophis-sirtalis
7cbb3598a5,pantherophis-obsoletus
7d23dd1a25,thamnophis-sirtalis
302ae16a4f,thamnophis-sirtalis
665ce5599e,thamnophis-sirtalis
7fe9ccee38,thamnophis-sirtalis
b4ee296fbe,thamnophis-sirtalis
463302e361,thamnophis-sirtalis
a18b060715,thamnophis-sirtalis
72b767e027,thamnophis-sirtalis
28c9bd4b10,thamnophis-sirtalis
a8cf67b3cd,thamnophis-sirtalis
dc0bd440c3,thamnophis-sirtalis
1b558cc89f,thamnophis-sirtalis
23a5181788,thamnophis-sirtalis
17e5f4b5bf,crotalus-atrox
45708c6f17,thamnophis-sirtalis
90e93122c1,thamnophis-sirtalis
9aac958618,thamnophis-sirtalis
23f9ca3329,thamnophis-sirtalis
3702f63d72,thamnophis-sirtalis
142b516abc,thamnophis-sirtalis
db55095044,thamnophis-sirtalis
2532449658,thamnophis-sirtalis
521ce40402,thamnophis-sirtalis
5bdb8079ed,thamnophis-sirtalis
2b88eaac56,thamnophis-sirtalis
f11e311c90,thamnophis-sirtalis
75b79378c3,thamnophis-sirtalis
8f457bca60,thamnophis-sirtalis
4aae3ed36b,thamnophis-sirtalis
7e85692fa2,thamnophis-sirtalis
8557e64d0e,thamnophis-sirtalis
f590310834,thamnophis-sirtalis
6ce6de9def,thamnophis-sirtalis
5e13f84aae,thamnophis-sirtalis
3f595dc653,thamnophis-sirtalis
28fc7c65cc,thamnophis-sirtalis
2e6627723a,thamnophis-sirtalis
759223778f,thamnophis-sirtalis
68e08979eb,thamnophis-sirtalis
b51b666b0a,thamnophis-sirtalis
1134c2556d,thamnophis-sirtalis
e10bcc9899,crotalus-atrox
4d84d06252,thamnophis-sirtalis
71792ec7f9,thamnophis-sirtalis
87fff43cf4,thamnophis-sirtalis
d0d91b6a16,thamnophis-sirtalis
b1606f2410,thamnophis-sirtalis
f9a3564f88,thamnophis-sirtalis
8bdccf2baf,thamnophis-sirtalis
abbfa54027,thamnophis-sirtalis
ca469b7a27,thamnophis-sirtalis
95a51a0fcd,thamnophis-sirtalis
8ef78ef2d3,thamnophis-sirtalis
e21af6d4b9,crotalus-atrox
221b1ee2f1,thamnophis-sirtalis
b2c3d5d9fb,thamnophis-sirtalis
526c9eac74,crotalus-atrox
a38e41fd76,thamnophis-sirtalis
b2ba21f052,thamnophis-sirtalis
3b9b67ba03,thamnophis-sirtalis
327b772827,thamnophis-sirtalis
2afdb4999f,storeria-dekayi
0cbf1992d0,thamnophis-sirtalis
c822ae5d01,thamnophis-sirtalis
5405370c87,thamnophis-sirtalis
092388daba,thamnophis-sirtalis
99a3b654d0,thamnophis-sirtalis
e0f8e741d4,thamnophis-sirtalis
5d9cf27241,thamnophis-sirtalis
632bed91e6,thamnophis-sirtalis
83d7c726d0,thamnophis-sirtalis
2555c7e7ce,thamnophis-sirtalis
2b9180fb4f,thamnophis-sirtalis
e211c36384,thamnophis-sirtalis
06b96eed56,thamnophis-sirtalis
d8fe032fe4,thamnophis-sirtalis
366c0f8d42,thamnophis-sirtalis
be80579760,thamnophis-sirtalis
a4ff6226a3,thamnophis-sirtalis
53da6f2a06,thamnophis-sirtalis
509628b6d3,thamnophis-sirtalis
75206b0c2d,thamnophis-sirtalis
c3e988cbe7,thamnophis-sirtalis
bf3224d5bb,thamnophis-sirtalis
2d45d24990,thamnophis-sirtalis
217a85c6a0,thamnophis-sirtalis
f910b4dafd,thamnophis-sirtalis
dbc89aa6fc,thamnophis-sirtalis
e0c882d7b5,thamnophis-sirtalis
bbd20396ee,thamnophis-sirtalis
a9bd8d4550,thamnophis-sirtalis
f9315c3d9d,thamnophis-sirtalis
c53c61ff1d,thamnophis-sirtalis
ae76c25b30,thamnophis-sirtalis
0554b687c1,thamnophis-sirtalis
8227ee21d5,thamnophis-sirtalis
e63f970c24,thamnophis-sirtalis
5a7a965d51,thamnophis-sirtalis
6f885777ae,thamnophis-sirtalis
c63d4c04d9,thamnophis-sirtalis
d678d67897,thamnophis-sirtalis
03d156d9ee,thamnophis-sirtalis
39d5cf451b,thamnophis-sirtalis
c8583aa3f1,thamnophis-sirtalis
72fd0c7625,thamnophis-sirtalis
89428de91a,thamnophis-sirtalis
e3ad957f8f,thamnophis-sirtalis
4b49ad90af,thamnophis-sirtalis
e4ff7155e8,thamnophis-sirtalis
eaa331f24e,thamnophis-sirtalis
28edbbefda,thamnophis-sirtalis
aa1015e3c8,thamnophis-sirtalis
644033bba9,thamnophis-sirtalis
c612cc9390,thamnophis-sirtalis
6870b31b63,thamnophis-sirtalis
b22d6d545d,thamnophis-sirtalis
bf1adbeecc,pantherophis-obsoletus
16e1861f42,thamnophis-sirtalis
8e7302d0c7,crotalus-atrox
473b09a338,thamnophis-sirtalis
80da1ca7fe,thamnophis-sirtalis
c3e38fc290,thamnophis-sirtalis
901a78b5f6,thamnophis-sirtalis
250946e33d,thamnophis-sirtalis
71bb3b775f,crotalus-atrox
58e653c556,thamnophis-sirtalis
ff0d70fb78,thamnophis-sirtalis
bbbaf02d7b,thamnophis-sirtalis
a8729cbe08,thamnophis-sirtalis
e754670fa9,thamnophis-sirtalis
d51800edfc,thamnophis-sirtalis
54705e5068,thamnophis-sirtalis
2d26350d5f,thamnophis-sirtalis
65ea1d3d84,thamnophis-sirtalis
fc2019398b,thamnophis-sirtalis
76bc77c3be,thamnophis-sirtalis
ae5258ea04,thamnophis-sirtalis
8d8734a395,thamnophis-sirtalis
a6ac17e3d8,thamnophis-sirtalis
2ca8252168,crotalus-atrox
d81bbe11bb,thamnophis-sirtalis
fb1ea63ee1,thamnophis-sirtalis
d7b6ef28af,crotalus-atrox
fe015ee591,thamnophis-sirtalis
e4f9ad2007,thamnophis-sirtalis
26758bec6d,thamnophis-sirtalis
23dd09c2b6,thamnophis-sirtalis
7c34e2cdec,thamnophis-sirtalis
6ec294cf12,thamnophis-sirtalis
36d521dbd5,thamnophis-sirtalis
9a6e35d716,thamnophis-sirtalis
8bbc299a40,thamnophis-sirtalis
fd5e259ea8,thamnophis-sirtalis
db292dcc3b,thamnophis-sirtalis
f481c83182,thamnophis-sirtalis
4245d68d46,thamnophis-sirtalis
59e640bb91,thamnophis-sirtalis
36c233f563,thamnophis-sirtalis
bc3799b2df,thamnophis-sirtalis
9e937f940b,thamnophis-sirtalis
9a7b588cb9,thamnophis-sirtalis
7ff5570d2f,crotalus-atrox
087903f361,thamnophis-sirtalis
6e66f9667f,thamnophis-sirtalis
60dd49f8d4,thamnophis-sirtalis
7064757509,thamnophis-sirtalis
baa3f02141,thamnophis-sirtalis
7dce396ff5,thamnophis-sirtalis
30a99aee44,crotalus-atrox
665b29ab42,thamnophis-sirtalis
a443ddb908,thamnophis-sirtalis
ac95eb1818,thamnophis-sirtalis
05a6798995,thamnophis-sirtalis
0241586560,thamnophis-sirtalis
ff45fac73c,thamnophis-sirtalis
013c73ee17,thamnophis-sirtalis
b93e2f9f5b,thamnophis-sirtalis
2b1413378c,thamnophis-sirtalis
9cb08cd05a,thamnophis-sirtalis
13aa42a7e4,thamnophis-sirtalis
641e266e15,thamnophis-sirtalis
7b5344ccfd,thamnophis-sirtalis
13cfe36156,thamnophis-sirtalis
e3638b66ab,thamnophis-sirtalis
0f5042aa5a,thamnophis-sirtalis
79783161b7,thamnophis-sirtalis
195c38795c,thamnophis-sirtalis
0290d68533,thamnophis-sirtalis
2a2b711e1e,thamnophis-sirtalis
51622421a7,thamnophis-sirtalis
9f4c9e5d29,thamnophis-sirtalis
55cf94ef25,thamnophis-sirtalis
8e3a442218,thamnophis-sirtalis
a5bd623c6a,thamnophis-sirtalis
192dd2d4b7,thamnophis-sirtalis
5b3791c4e4,thamnophis-sirtalis
4f3bb6e01a,crotalus-atrox
9316eb7237,thamnophis-sirtalis
aa16a509cf,thamnophis-sirtalis
ad68959f68,thamnophis-sirtalis
072f7c5df5,thamnophis-sirtalis
e6fe591e18,thamnophis-sirtalis
eed4cc6dda,thamnophis-sirtalis
6335735a8a,thamnophis-sirtalis
40fb202092,thamnophis-sirtalis
8d34d1a83e,thamnophis-sirtalis
5d58cc2fb1,thamnophis-sirtalis
e073226ee2,thamnophis-sirtalis
630628b60b,crotalus-atrox
c074d2a3c3,thamnophis-sirtalis
2c03979041,thamnophis-sirtalis
237efd22ef,thamnophis-sirtalis
5a23092d94,thamnophis-sirtalis
cebc8a3140,thamnophis-sirtalis
ddbb02224a,thamnophis-sirtalis
785ba4871f,thamnophis-sirtalis
d19b66d326,thamnophis-sirtalis
f9b0800cb8,thamnophis-sirtalis
2f065830d7,thamnophis-sirtalis
b9893aa41a,thamnophis-sirtalis
2c442a09ed,thamnophis-sirtalis
ea100d15e2,thamnophis-sirtalis
9363d2c4be,thamnophis-sirtalis
dd0dc5ba1a,thamnophis-sirtalis
86b438d651,thamnophis-sirtalis
a7596b0dda,thamnophis-sirtalis
c0a9301d14,thamnophis-sirtalis
59d4a652fa,thamnophis-sirtalis
9266faaacf,thamnophis-sirtalis
5c6713d750,thamnophis-sirtalis
4a7b39ccff,pituophis-catenifer
c91233cf4f,thamnophis-sirtalis
316d089f08,thamnophis-sirtalis
63bb9ed8c2,thamnophis-sirtalis
8ec81d1cab,thamnophis-sirtalis
0bef464da6,thamnophis-sirtalis
e3497219ae,thamnophis-sirtalis
259af44b24,thamnophis-sirtalis
c52f2693cf,thamnophis-sirtalis
18f5184f2e,thamnophis-sirtalis
728f07bb97,thamnophis-sirtalis
fba22fecef,thamnophis-sirtalis
fdbcf4aa99,thamnophis-sirtalis
f8d202075f,thamnophis-sirtalis
369a02e471,thamnophis-sirtalis
3e2cadfaa9,thamnophis-sirtalis
0a59465b78,thamnophis-sirtalis
5717af5063,thamnophis-sirtalis
5a5ed0a9f9,thamnophis-sirtalis
503bd5a793,thamnophis-sirtalis
861b144528,thamnophis-sirtalis
2c1c60baac,thamnophis-sirtalis
f583cab812,thamnophis-sirtalis
98e28ee840,thamnophis-sirtalis
e981adefe8,thamnophis-sirtalis
847dcb005c,thamnophis-sirtalis
2bdd1204df,thamnophis-sirtalis
436a5443a6,thamnophis-sirtalis
b474fba6f6,thamnophis-sirtalis
4a52d81d06,thamnophis-sirtalis
e04df53f33,thamnophis-sirtalis
6e0bc47bff,thamnophis-sirtalis
00a9bba384,thamnophis-sirtalis
c34e07aea2,thamnophis-sirtalis
ddb3fdca4e,thamnophis-sirtalis
772912b335,thamnophis-sirtalis
d2d8c969f4,thamnophis-sirtalis
05c0503e80,thamnophis-sirtalis
0a2842082d,thamnophis-sirtalis
f63ccbe5e4,crotalus-atrox
7c71df0f36,thamnophis-sirtalis
b812b08083,thamnophis-sirtalis
aa46c84394,thamnophis-sirtalis
172ea701fa,thamnophis-sirtalis
4da6e0c4b1,crotalus-atrox
2680cb138a,pantherophis-obsoletus
042411e752,thamnophis-sirtalis
3a90a92e92,thamnophis-sirtalis
194d8bc5a0,thamnophis-sirtalis
1ac35b5307,thamnophis-sirtalis
bd26891431,thamnophis-sirtalis
9bcdad786e,thamnophis-sirtalis
3fbfac0bbb,thamnophis-sirtalis
d9f6166852,crotalus-atrox
c27414795d,thamnophis-sirtalis
031d5fd2dd,thamnophis-sirtalis
b359100fa4,thamnophis-sirtalis
999b3783d7,thamnophis-sirtalis
959cdb0f88,thamnophis-sirtalis
8fa0dcc6df,thamnophis-sirtalis
8ea058e917,thamnophis-sirtalis
ae46441c69,thamnophis-sirtalis
b08c38c7f7,thamnophis-sirtalis
328d66a6d0,thamnophis-sirtalis
5ac5adfab9,pituophis-catenifer
593c3b2407,thamnophis-sirtalis
5d701c6be6,thamnophis-sirtalis
b6bcd1799a,thamnophis-sirtalis
b3494fd089,thamnophis-sirtalis
0448002637,thamnophis-sirtalis
fff8bffdb0,thamnophis-sirtalis
0cbc0f68b6,thamnophis-sirtalis
0debda08e0,pituophis-catenifer
d0283c614b,thamnophis-sirtalis
2dbe75a840,thamnophis-sirtalis
6d998bc9af,thamnophis-sirtalis
3ff941e398,thamnophis-sirtalis
a9410566e4,crotalus-atrox
358af00cdd,crotalus-atrox
e4ab7ba2ab,thamnophis-sirtalis
b07f81508c,thamnophis-sirtalis
3b1799fe42,thamnophis-sirtalis
3d6339ea74,thamnophis-sirtalis
2163674737,thamnophis-sirtalis
d99ab56103,thamnophis-sirtalis
54ba70e3cc,thamnophis-sirtalis
545ed78e38,crotalus-atrox
e7d07009df,thamnophis-sirtalis
f6ec7eba7b,thamnophis-sirtalis
64c3ac5ad0,thamnophis-sirtalis
b72ce0175f,thamnophis-sirtalis
b894d764f5,thamnophis-sirtalis
cf5d7c4e17,thamnophis-sirtalis
58663371a3,thamnophis-sirtalis
81bf550daa,thamnophis-sirtalis
37f5ad479e,thamnophis-sirtalis
3c8edae2a4,thamnophis-sirtalis
4cb468d415,thamnophis-sirtalis
92e04ca324,thamnophis-sirtalis
11373da95a,thamnophis-sirtalis
6a3bcbcf4a,thamnophis-sirtalis
a5f24a2ecc,thamnophis-sirtalis
1edabbc312,crotalus-atrox
96aee5ec60,thamnophis-sirtalis
4598203b0a,thamnophis-sirtalis
6bd8b7a823,crotalus-atrox
54f91fbb3a,thamnophis-sirtalis
b9d8bbfa03,thamnophis-sirtalis
72f1ff130d,thamnophis-sirtalis
2eccd64667,thamnophis-sirtalis
2546d11351,thamnophis-sirtalis
b09f1d031b,thamnophis-sirtalis
bd5a29330a,thamnophis-sirtalis
4451e8bf97,thamnophis-sirtalis
86a4573103,thamnophis-sirtalis
da7212161e,crotalus-atrox
aa1da0bc83,thamnophis-sirtalis
6e802f864c,thamnophis-sirtalis
8eaa4e8d18,thamnophis-sirtalis
ffa547380d,thamnophis-sirtalis
776bf9c3e7,thamnophis-sirtalis
f6058731c7,thamnophis-sirtalis
3137a9d8f4,thamnophis-sirtalis
c5eda48da7,thamnophis-sirtalis
23e13b5ba3,thamnophis-sirtalis
c264755582,thamnophis-sirtalis
958f27ae53,thamnophis-sirtalis
f1ce7a658c,thamnophis-sirtalis
897932c055,thamnophis-sirtalis
a17470a422,thamnophis-sirtalis
f756da9b22,thamnophis-sirtalis
83f99d01b7,thamnophis-sirtalis
1c097f3bb5,thamnophis-sirtalis
638716b738,thamnophis-sirtalis
74772031c5,thamnophis-sirtalis
94f3aa78e0,thamnophis-sirtalis
c0f734db4f,thamnophis-sirtalis
4f9c43f59c,thamnophis-sirtalis
1b32d18277,thamnophis-sirtalis
2145486df9,thamnophis-sirtalis
9e779ef62b,thamnophis-sirtalis
caa85de8a4,thamnophis-sirtalis
dab850c45f,thamnophis-sirtalis
326a993691,thamnophis-sirtalis
1a313e58c0,thamnophis-sirtalis
eacde65a87,thamnophis-sirtalis
16ef599310,thamnophis-sirtalis
a1a1d8f4d3,thamnophis-sirtalis
b66574f0cb,thamnophis-sirtalis
dadd875c98,thamnophis-sirtalis
35f3e07f8a,thamnophis-sirtalis
35b25084a8,thamnophis-sirtalis
5be6313607,thamnophis-sirtalis
5e4b3549cb,thamnophis-sirtalis
14af77c260,thamnophis-sirtalis
a3ffe15ad1,thamnophis-sirtalis
fcf5b7e439,thamnophis-sirtalis
510f5e1945,thamnophis-sirtalis
99d309ee88,thamnophis-sirtalis
c5ba6d87e2,thamnophis-sirtalis
0a00cdd2b8,thamnophis-sirtalis
9e10b0843c,thamnophis-sirtalis
9818345fa3,thamnophis-sirtalis
424b8caccf,thamnophis-sirtalis
291cd9c481,thamnophis-sirtalis
0c02a2f5d7,thamnophis-sirtalis
3393c3a6eb,thamnophis-sirtalis
18e8e49c6a,thamnophis-sirtalis
45245a5e5a,thamnophis-sirtalis
13696d31fb,thamnophis-sirtalis
41e720d7de,thamnophis-sirtalis
40303088fa,thamnophis-sirtalis
67d1d73480,thamnophis-sirtalis
4e3e773484,thamnophis-sirtalis
7517bb0623,thamnophis-sirtalis
559133de50,thamnophis-sirtalis
9ae22849c1,thamnophis-sirtalis
c5ff38ff68,crotalus-atrox
71e572d33f,thamnophis-sirtalis
332e5c6785,crotalus-atrox
6003bbcbf9,thamnophis-sirtalis
5c17e68b40,thamnophis-sirtalis
bad9a60677,thamnophis-sirtalis
209b809200,thamnophis-sirtalis
f2b9362dd4,thamnophis-sirtalis
8de60975b5,thamnophis-sirtalis
8add8bfac9,thamnophis-sirtalis
0d5c403d38,thamnophis-sirtalis
d483f5a5ce,thamnophis-sirtalis
7836689238,thamnophis-sirtalis
724a385d2e,thamnophis-sirtalis
64e02bed8b,thamnophis-sirtalis
3133cffd8c,thamnophis-sirtalis
ebd7ad9677,thamnophis-sirtalis
fe50e904ff,thamnophis-sirtalis
7f4df9bad8,thamnophis-sirtalis
b083b3bdfc,pantherophis-obsoletus
5ac813acff,thamnophis-sirtalis
35084d1574,thamnophis-sirtalis
9bbb1238dd,thamnophis-sirtalis
54da60ecca,thamnophis-sirtalis
8139d8a08f,thamnophis-sirtalis
cf4b998e06,thamnophis-sirtalis
50ff72a201,thamnophis-sirtalis
a0969f71a4,thamnophis-sirtalis
64b71700c0,thamnophis-sirtalis
420c648f8f,thamnophis-sirtalis
b48998dacd,thamnophis-sirtalis
d6ce6db8ac,thamnophis-sirtalis
f359a3a1cb,thamnophis-sirtalis
3e27aded25,storeria-dekayi
9baf0c175d,thamnophis-sirtalis
60cd847169,thamnophis-sirtalis
8cc2b43e73,thamnophis-sirtalis
e635e0301a,thamnophis-sirtalis
53ad81ecbf,thamnophis-sirtalis
bd77bff983,thamnophis-sirtalis
e4b948cde5,thamnophis-sirtalis
7a85d0a38f,thamnophis-sirtalis
6e104122dd,thamnophis-sirtalis
0bd440f886,thamnophis-sirtalis
cfe48a6766,thamnophis-sirtalis
dea4ad3c5c,thamnophis-sirtalis
a70db3f4e2,thamnophis-sirtalis
73801d11da,thamnophis-sirtalis
91b9c66b6c,thamnophis-sirtalis
7fa218f587,thamnophis-sirtalis
89aac8751e,thamnophis-sirtalis
ccd99e20ab,thamnophis-sirtalis
3d4e749f5c,thamnophis-sirtalis
d981710b5c,thamnophis-sirtalis
52eec0f3fb,thamnophis-sirtalis
7b01622a45,crotalus-atrox
d8f3e2543c,thamnophis-sirtalis
3da58beca1,thamnophis-sirtalis
27cc745b4e,thamnophis-sirtalis
19e640cfea,thamnophis-sirtalis
e97ad14aa0,thamnophis-sirtalis
fee6ac0981,thamnophis-sirtalis
7688910bf6,thamnophis-sirtalis
e207f9f8e1,thamnophis-sirtalis
38cfa09840,thamnophis-sirtalis
e8c28b1fa8,thamnophis-sirtalis
14b9eb3c99,thamnophis-sirtalis
90b9422778,thamnophis-sirtalis
55c6c72734,thamnophis-sirtalis
1b74b10f63,thamnophis-sirtalis
dbe94ca39f,thamnophis-sirtalis
2467f2a466,thamnophis-sirtalis
87c3cc64a9,thamnophis-sirtalis
f4f5dd040b,thamnophis-sirtalis
f32d83944c,thamnophis-sirtalis
de0c5e9a87,pituophis-catenifer
aff4a2c922,thamnophis-sirtalis
f96291b278,thamnophis-sirtalis
c64eb91ae4,thamnophis-sirtalis
2ae2c1199a,thamnophis-sirtalis
c032ab6ee3,thamnophis-sirtalis
33e62ea503,thamnophis-sirtalis
4d5e7f22ae,thamnophis-sirtalis
daa2966222,thamnophis-sirtalis
a5234ec3be,thamnophis-sirtalis
80eead3616,thamnophis-sirtalis
ade437840f,thamnophis-sirtalis
2db8ff4d4f,thamnophis-sirtalis
b3b1353fab,thamnophis-sirtalis
c449df8761,thamnophis-sirtalis
59979fbad2,thamnophis-sirtalis
f4698088c6,thamnophis-sirtalis
532b83a570,thamnophis-sirtalis
0e287bd3a4,thamnophis-sirtalis
62a0846a7f,thamnophis-sirtalis
3fc4c2a5e1,thamnophis-sirtalis
4d2299d5dc,thamnophis-sirtalis
416b4750da,thamnophis-sirtalis
dfee6504e3,thamnophis-sirtalis
bba431d5d4,thamnophis-sirtalis
d50e9b77ce,thamnophis-sirtalis
423c84462d,thamnophis-sirtalis
d8854a4d6f,thamnophis-sirtalis
06bfe160bc,thamnophis-sirtalis
b53265ae30,thamnophis-sirtalis
4f7b14d1e9,thamnophis-sirtalis
b0e5cdcf65,storeria-dekayi
3d90e98161,thamnophis-sirtalis
385387e75a,thamnophis-sirtalis
a016fbf111,thamnophis-sirtalis
79d92b5155,thamnophis-sirtalis
e8556cf2b3,thamnophis-sirtalis
b68aec61a9,thamnophis-sirtalis
6245275771,thamnophis-sirtalis
9af6f4bbb1,thamnophis-sirtalis
e2839b926b,thamnophis-sirtalis
8d2f2c54a1,thamnophis-sirtalis
1e8f52cf8e,pituophis-catenifer
c2bfddaefb,thamnophis-sirtalis
fcac77e8e3,thamnophis-sirtalis
a6eefff8e9,thamnophis-sirtalis
48be242050,thamnophis-sirtalis
e849f57aaa,crotalus-atrox
75053513e4,thamnophis-sirtalis
0b6092dd9f,thamnophis-sirtalis
f10dbb60ad,thamnophis-sirtalis
6fd275d6f8,thamnophis-sirtalis
7b110332b2,thamnophis-sirtalis
02b5ce8a0d,thamnophis-sirtalis
e286457476,thamnophis-sirtalis
2fd9e2eee6,thamnophis-sirtalis
b79eb2b0fb,crotalus-atrox
f5315a5875,thamnophis-sirtalis
db4493bb17,thamnophis-sirtalis
4ebadc4b4b,thamnophis-sirtalis
c98bc697c6,thamnophis-sirtalis
e3c6ba694a,thamnophis-sirtalis
783481beb0,thamnophis-sirtalis
f29333e380,thamnophis-sirtalis
c3fb1dacc1,thamnophis-sirtalis
5b15bac5c2,thamnophis-sirtalis
cd0721eb2a,thamnophis-sirtalis
1e2ae139b7,thamnophis-sirtalis
79553e62b3,thamnophis-sirtalis
cdbedb45cd,thamnophis-sirtalis
ee52483077,thamnophis-sirtalis
1fac89750a,thamnophis-sirtalis
86a2ca0b18,thamnophis-sirtalis
d3a5b62b1f,thamnophis-sirtalis
5276b71b91,thamnophis-sirtalis
eff565b0e9,thamnophis-sirtalis
a0853d1197,thamnophis-sirtalis
38782ebfe4,thamnophis-sirtalis
a16e3dec1e,crotalus-atrox
223cc7e8a6,thamnophis-sirtalis
fed1568a6c,thamnophis-sirtalis
f2f891850d,thamnophis-sirtalis
22580dc310,thamnophis-sirtalis
4b2040859d,thamnophis-sirtalis
c40f2cf547,thamnophis-sirtalis
8a1f773d30,thamnophis-sirtalis
26e77de0d3,thamnophis-sirtalis
3898d993ce,thamnophis-sirtalis
4c48326692,thamnophis-sirtalis
639ea18f23,thamnophis-sirtalis
6447cbdb15,thamnophis-sirtalis
2fab3b74e1,thamnophis-sirtalis
70d03492db,thamnophis-sirtalis
df50ba8c91,thamnophis-sirtalis
e68457fe19,thamnophis-sirtalis
b4ad055b21,thamnophis-sirtalis
f10e985810,thamnophis-sirtalis
ee41d19ab2,thamnophis-sirtalis
5af19d853b,thamnophis-sirtalis
e3e76a3d9c,thamnophis-sirtalis
59bcc84d9c,thamnophis-sirtalis
49cd434b18,thamnophis-sirtalis
ce31772330,thamnophis-sirtalis
08e0a784b9,thamnophis-sirtalis
b38fb09f8b,thamnophis-sirtalis
1025e29ab7,thamnophis-sirtalis
98e71c5873,thamnophis-sirtalis
ec7956ab61,thamnophis-sirtalis
8221410682,thamnophis-sirtalis
51ee9e04f0,thamnophis-sirtalis
96d75bfe8f,thamnophis-sirtalis
8601628d1f,thamnophis-sirtalis
3dfa5ad947,thamnophis-sirtalis
affc413c04,thamnophis-sirtalis
8d0378446f,thamnophis-sirtalis
d4575182a3,thamnophis-sirtalis
64b48406af,thamnophis-sirtalis
371a621202,crotalus-atrox
aef6cdef7f,thamnophis-sirtalis
5767b7291d,thamnophis-sirtalis
bce7024134,thamnophis-sirtalis
1e8ba66e6d,thamnophis-sirtalis
1cca4dde7e,thamnophis-sirtalis
0497ecfd64,thamnophis-sirtalis
80cd47b8be,thamnophis-sirtalis
48470bf29b,thamnophis-sirtalis
21c06dfcf8,thamnophis-sirtalis
a0bce2082d,thamnophis-sirtalis
a14372c89f,thamnophis-sirtalis
1a7e4bd4c6,thamnophis-sirtalis
77b61563ed,thamnophis-sirtalis
bbbcedc4c0,thamnophis-sirtalis
baba9a2a38,thamnophis-sirtalis
6fd6c6ccf6,thamnophis-sirtalis
1cef56fb1e,thamnophis-sirtalis
5f6f35c987,crotalus-atrox
d1eb8d51ae,thamnophis-sirtalis
4617ca078b,crotalus-atrox
77b4a4a25c,thamnophis-sirtalis
c2955c5d83,thamnophis-sirtalis
67d5a9efbe,thamnophis-sirtalis
0fe9a54c20,thamnophis-sirtalis
5b30be5fe9,crotalus-atrox
6469909eb8,crotalus-atrox
b81a1b1d90,thamnophis-sirtalis
e2363c1554,thamnophis-sirtalis
0cff3cb843,thamnophis-sirtalis
1b340371e5,thamnophis-sirtalis
00e8ba3531,thamnophis-sirtalis
dee1e6d310,thamnophis-sirtalis
e264f04ce9,thamnophis-sirtalis
ddd56ba0c0,crotalus-atrox
c1cbf83f28,thamnophis-sirtalis
13275759e4,thamnophis-sirtalis
d37b0ef11f,thamnophis-sirtalis
898d62255d,thamnophis-sirtalis
f9bbc7153a,thamnophis-sirtalis
f8ac5953cb,thamnophis-sirtalis
ad9921a2aa,thamnophis-sirtalis
a5f85aab22,thamnophis-sirtalis
c6234d79bb,thamnophis-sirtalis
771f6f3fe6,thamnophis-sirtalis
688b29b043,crotalus-atrox
19ccba64b3,thamnophis-sirtalis
72115baab1,thamnophis-sirtalis
6becc6093d,pantherophis-obsoletus
7855bae864,thamnophis-sirtalis
d50acbddb2,thamnophis-sirtalis
83899a6b49,thamnophis-sirtalis
11e97175b8,thamnophis-sirtalis
5980c7a6f7,thamnophis-sirtalis
2d61b82de7,thamnophis-sirtalis
1f90c834c5,thamnophis-sirtalis
e0474c1be9,thamnophis-sirtalis
96dbc2f29b,thamnophis-sirtalis
d1b7d9ba22,thamnophis-sirtalis
fd2f1d3113,thamnophis-sirtalis
928460dde9,thamnophis-sirtalis
d63c0e9fdc,thamnophis-sirtalis
78ed1037b8,thamnophis-sirtalis
b3fe7d062c,crotalus-atrox
9315549d3a,thamnophis-sirtalis
c3bd25298d,thamnophis-sirtalis
8f92043d8f,thamnophis-sirtalis
9069355571,thamnophis-sirtalis
a1e486d349,thamnophis-sirtalis
bbaf558ecf,thamnophis-sirtalis
516de4c918,thamnophis-sirtalis
3a8c8aa252,crotalus-atrox
44aa210a3e,thamnophis-sirtalis
64553a6913,thamnophis-sirtalis
e90ba4331c,thamnophis-sirtalis
11649cec48,thamnophis-sirtalis
c3444151d5,thamnophis-sirtalis
37ee5eb735,thamnophis-sirtalis
3f36710eb6,thamnophis-sirtalis
624b2cc236,crotalus-atrox
0c9a05356b,thamnophis-sirtalis
aa4b3d2785,thamnophis-sirtalis
8a43339a29,thamnophis-sirtalis
a11bf6e766,crotalus-atrox
3d1b0e14ff,thamnophis-sirtalis
a698472a57,pantherophis-obsoletus
3e733e66de,crotalus-atrox
7a374981e5,thamnophis-sirtalis
45bd4f73b1,thamnophis-sirtalis
e17bb727be,pantherophis-obsoletus
c79bcf2098,thamnophis-sirtalis
1f6403d491,thamnophis-sirtalis
93ad7fe563,thamnophis-sirtalis
47e8f1b843,thamnophis-sirtalis
c5c1619dee,thamnophis-sirtalis
ee52b1c3e4,crotalus-atrox
bdfce30128,thamnophis-sirtalis
bcfa129e05,thamnophis-sirtalis
c3007e0e16,thamnophis-sirtalis
e3e8505f6f,thamnophis-sirtalis
60c5ab7fe1,thamnophis-sirtalis
af58bb743b,thamnophis-sirtalis
eab49156d7,thamnophis-sirtalis
847a278c9a,pituophis-catenifer
22b4344fa1,thamnophis-sirtalis
0297424cbd,thamnophis-sirtalis
e9aac999b1,thamnophis-sirtalis
45df9e533a,thamnophis-sirtalis
ac57aad226,thamnophis-sirtalis
79b4ba46ed,thamnophis-sirtalis
890c0055e6,thamnophis-sirtalis
b83e0a56e3,thamnophis-sirtalis
ca0e73a30b,thamnophis-sirtalis
5feb234354,thamnophis-sirtalis
7f8f6794e6,thamnophis-sirtalis
a4c523e2b2,thamnophis-sirtalis
817e074b35,thamnophis-sirtalis
7019567057,thamnophis-sirtalis
6fecaaf9f8,thamnophis-sirtalis
1bac862621,thamnophis-sirtalis
ad72ea0194,thamnophis-sirtalis
58cd93d84d,thamnophis-sirtalis
797bf37edf,thamnophis-sirtalis
6c1f740183,thamnophis-sirtalis
22ee9b9874,thamnophis-sirtalis
586ba03c24,thamnophis-sirtalis
fec707022c,thamnophis-sirtalis
eab43ca7a3,thamnophis-sirtalis
311d69ffb9,thamnophis-sirtalis
a45609e2f1,thamnophis-sirtalis
2b9e221d99,thamnophis-sirtalis
f8b43d780b,thamnophis-sirtalis
b982fadd00,thamnophis-sirtalis
59cff921b2,crotalus-atrox
3f304c3d86,thamnophis-sirtalis
d6f1eb568f,thamnophis-sirtalis
0f1924cf80,thamnophis-sirtalis
f5b2a347ff,thamnophis-sirtalis
dd818fb360,thamnophis-sirtalis
e8fe7df5ad,thamnophis-sirtalis
cf79767545,thamnophis-sirtalis
6f4a0cf636,thamnophis-sirtalis
7cb6fcbad3,thamnophis-sirtalis
9a07607611,thamnophis-sirtalis
3f63e4612d,thamnophis-sirtalis
e5e4aeeaf7,thamnophis-sirtalis
a3c79fb490,thamnophis-sirtalis
16fbebdc1f,thamnophis-sirtalis
274e3979b2,thamnophis-sirtalis
99e9171fcb,thamnophis-sirtalis
0f0969f7d7,thamnophis-sirtalis
da7acc2a0f,thamnophis-sirtalis
c685ea9df1,thamnophis-sirtalis
6fa95b4e8d,thamnophis-sirtalis
8ce3cee642,thamnophis-sirtalis
86915f6c43,thamnophis-sirtalis
282ce15a59,thamnophis-sirtalis
21b66186b7,thamnophis-sirtalis
7f9dafc904,thamnophis-sirtalis
cfcbf6740c,thamnophis-sirtalis
7391e1f35e,thamnophis-sirtalis
ac42c482a2,thamnophis-sirtalis
d400216179,thamnophis-sirtalis
18a1ebef0e,thamnophis-sirtalis
32fee7fe2c,thamnophis-sirtalis
bac648289c,thamnophis-sirtalis
6a6723f2d9,thamnophis-sirtalis
e81112e8d1,thamnophis-sirtalis
481f91feb4,thamnophis-sirtalis
d5636c22bd,thamnophis-sirtalis
25bc9f384d,thamnophis-sirtalis
eaa7edf8dc,thamnophis-sirtalis
fdb05268b8,thamnophis-sirtalis
e7cf15f7c1,thamnophis-sirtalis
3619f16494,pituophis-catenifer
7a27082f24,thamnophis-sirtalis
8d98278446,thamnophis-sirtalis
b9d53ffd45,thamnophis-sirtalis
5d6b176f01,thamnophis-sirtalis
e97ba49b46,thamnophis-sirtalis
1e04c22e2f,thamnophis-sirtalis
790aa417c2,thamnophis-sirtalis
b58213e015,thamnophis-sirtalis
042c0fc943,thamnophis-sirtalis
47f515dbdc,thamnophis-sirtalis
84298633ca,thamnophis-sirtalis
e5a6f90969,thamnophis-sirtalis
93c3acd68a,crotalus-atrox
7cd411e836,thamnophis-sirtalis
78398b7b6c,thamnophis-sirtalis
59e07d0848,thamnophis-sirtalis
75b98c6e29,thamnophis-sirtalis
b681aee40c,thamnophis-sirtalis
ac8fcab5ba,thamnophis-sirtalis
c68656ee58,thamnophis-sirtalis
a1ae1155b3,thamnophis-sirtalis
c685e04441,thamnophis-sirtalis
b24743c49c,thamnophis-sirtalis
798c090b10,thamnophis-sirtalis
ea135d3a89,thamnophis-sirtalis
c06284e0af,thamnophis-sirtalis
fe4b15022b,thamnophis-sirtalis
fbb94e594c,thamnophis-sirtalis
5f7a87f204,thamnophis-sirtalis
ed8e92ecf1,thamnophis-sirtalis
9885c6266a,thamnophis-sirtalis
02a78ae220,thamnophis-sirtalis
7b7117f0c1,thamnophis-sirtalis
70355e73f8,thamnophis-sirtalis
2fc72ef3f4,thamnophis-sirtalis
5d3e048c96,thamnophis-sirtalis
25623b3ce6,thamnophis-sirtalis
083e3b50fd,thamnophis-sirtalis
0f6b88fcfc,thamnophis-sirtalis
91370ed279,thamnophis-sirtalis
7245fe93b9,thamnophis-sirtalis
9cb7c4fd24,thamnophis-sirtalis
7de50b5bdc,thamnophis-sirtalis
53a5a161de,thamnophis-sirtalis
59fe71d682,thamnophis-sirtalis
a8d2967840,thamnophis-sirtalis
3355a69bda,thamnophis-sirtalis
5dbde45405,thamnophis-sirtalis
47e66422c8,thamnophis-sirtalis
adaa93af64,thamnophis-sirtalis
4fadd04098,crotalus-atrox
1be8871524,thamnophis-sirtalis
ab0cd50587,thamnophis-sirtalis
9b755092e4,thamnophis-sirtalis
1e998306c0,thamnophis-sirtalis
07f075d594,thamnophis-sirtalis
3d35b26c1a,thamnophis-sirtalis
071901eca8,thamnophis-sirtalis
022d71aae9,thamnophis-sirtalis
4e8049b6d0,thamnophis-sirtalis
f354b8dfe7,thamnophis-sirtalis
f3a74d6ee0,thamnophis-sirtalis
2289e09d6a,thamnophis-sirtalis
70483cb8ea,thamnophis-sirtalis
4d53b5cb4d,thamnophis-sirtalis
e50bb5978a,thamnophis-sirtalis
48e9e8aff8,thamnophis-sirtalis
213acb4781,thamnophis-sirtalis
e93cd41190,thamnophis-sirtalis
7ca16d8c1b,thamnophis-sirtalis
b7fe892e44,thamnophis-sirtalis
374615f6fb,thamnophis-sirtalis
5126df2646,thamnophis-sirtalis
1104584d38,thamnophis-sirtalis
dff6304429,thamnophis-sirtalis
0c2849a26e,thamnophis-sirtalis
9d4ce5b72f,thamnophis-sirtalis
a141a881e2,thamnophis-sirtalis
33346242e2,thamnophis-sirtalis
0d20d1c1a2,thamnophis-sirtalis
731a90d84c,thamnophis-sirtalis
5e4c1c7cc2,thamnophis-sirtalis
9db0bdd59d,thamnophis-sirtalis
253843f209,thamnophis-sirtalis
e60709d049,thamnophis-sirtalis
054a536789,thamnophis-sirtalis
bf1a3b7b79,thamnophis-sirtalis
d0612f3e8a,thamnophis-sirtalis
eebe64532a,thamnophis-sirtalis
79594b42ef,thamnophis-sirtalis
bed81704c1,thamnophis-sirtalis
cbe0b8c85d,thamnophis-sirtalis
5ae808f8fd,thamnophis-sirtalis
5d448c05e1,thamnophis-sirtalis
4d051b9208,thamnophis-sirtalis
88c9cc598c,thamnophis-sirtalis
e81c30e876,thamnophis-sirtalis
b9a8b67b16,thamnophis-sirtalis
9dabb5ee25,thamnophis-sirtalis
7ca6b80658,thamnophis-sirtalis
f60d7f670e,thamnophis-sirtalis
55d9dd5142,thamnophis-sirtalis
882a08649b,pantherophis-obsoletus
12fda3c135,thamnophis-sirtalis
8d13d818de,thamnophis-sirtalis
deb68826e6,thamnophis-sirtalis
0b5507f2a9,thamnophis-sirtalis
6925f4782a,thamnophis-sirtalis
37f32fb0ba,thamnophis-sirtalis
dd832524fa,thamnophis-sirtalis
c1f4d42327,thamnophis-sirtalis
d803830007,thamnophis-sirtalis
beec8cc1ba,thamnophis-sirtalis
11a5d8337e,thamnophis-sirtalis
f143d212b3,thamnophis-sirtalis
a77509b170,thamnophis-sirtalis
5c3936c628,thamnophis-sirtalis
21deaeaa17,thamnophis-sirtalis
1dcaaad800,thamnophis-sirtalis
484413b8d3,thamnophis-sirtalis
8f25d1fc53,thamnophis-sirtalis
8d63dc0ed6,thamnophis-sirtalis
c85a468e26,thamnophis-sirtalis
ba083e8689,thamnophis-sirtalis
f99d915b6b,thamnophis-sirtalis
855bd99878,thamnophis-sirtalis
2266898888,thamnophis-sirtalis
46058d8161,thamnophis-sirtalis
c6a13f622c,thamnophis-sirtalis
e0ed8038c6,thamnophis-sirtalis
4c11e184fd,thamnophis-sirtalis
12e603532f,pantherophis-obsoletus
5180638e96,thamnophis-sirtalis
b04dd2adec,thamnophis-sirtalis
7066af3e95,thamnophis-sirtalis
dfbfdc7fec,thamnophis-sirtalis
cfb3f52655,thamnophis-sirtalis
a294303eeb,thamnophis-sirtalis
f7358c1693,thamnophis-sirtalis
9be3399776,thamnophis-sirtalis
7eab2c68bb,thamnophis-sirtalis
2a95741853,thamnophis-sirtalis
d5b1906aa1,thamnophis-sirtalis
436330dda2,thamnophis-sirtalis
d20b9db32d,thamnophis-sirtalis
7aed34b899,thamnophis-sirtalis
65406d36a7,thamnophis-sirtalis
f4853bcc67,thamnophis-sirtalis
c2719ab3f2,thamnophis-sirtalis
4d8f022e07,crotalus-atrox
6ef01917c6,crotalus-atrox
fae66dee74,thamnophis-sirtalis
c1acdf0a74,thamnophis-sirtalis
3ded70d7c3,thamnophis-sirtalis
83ab914a6d,thamnophis-sirtalis
fdbb06d2b0,thamnophis-sirtalis
29c12aa50b,thamnophis-sirtalis
f4402d15f7,thamnophis-sirtalis
b1d252ae26,thamnophis-sirtalis
e12901072d,thamnophis-sirtalis
d495120d71,thamnophis-sirtalis
4380a651bf,thamnophis-sirtalis
0dca38a9c9,thamnophis-sirtalis
c0575f37ac,thamnophis-sirtalis
85bbb1d3fc,thamnophis-sirtalis
047788a264,thamnophis-sirtalis
cf6a306170,thamnophis-sirtalis
3c187495d8,thamnophis-sirtalis
93c4e94fba,thamnophis-sirtalis
a86943e07b,crotalus-atrox
c09b16ca15,thamnophis-sirtalis
9b478155ac,thamnophis-sirtalis
fdce965a85,thamnophis-sirtalis
b86a0e9749,thamnophis-sirtalis
72e92d074b,thamnophis-sirtalis
442a001933,thamnophis-sirtalis
f9ac703430,thamnophis-sirtalis
f41723b2b7,thamnophis-sirtalis
9b4ad29201,thamnophis-sirtalis
0e7368ddf1,thamnophis-sirtalis
b5905be265,thamnophis-sirtalis
af55a93714,thamnophis-sirtalis
b8022114ff,thamnophis-sirtalis
6869daa30d,thamnophis-sirtalis
f6826f3a44,thamnophis-sirtalis
d846222a27,thamnophis-sirtalis
8d8b41be92,thamnophis-sirtalis
f5055dad14,thamnophis-sirtalis
f5464b6c4d,thamnophis-sirtalis
df783face0,thamnophis-sirtalis
5366409cc9,thamnophis-sirtalis
20070bf8e0,thamnophis-sirtalis
a8ae4b2cc4,thamnophis-sirtalis
ebbfcc7256,thamnophis-sirtalis
e0af3ec1dc,thamnophis-sirtalis
f8c29af6a4,thamnophis-sirtalis
51aeb208e1,thamnophis-sirtalis
4892a7b03e,thamnophis-sirtalis
30d3a273c1,thamnophis-sirtalis
9dea0393b2,thamnophis-sirtalis
5b06a39081,thamnophis-sirtalis
9acd404c7b,crotalus-atrox
b6467c0d86,thamnophis-sirtalis
ad18b657f0,thamnophis-sirtalis
fdf6135552,thamnophis-sirtalis
1af0a36d6c,thamnophis-sirtalis
547f6b9455,thamnophis-sirtalis
bb222ddaa9,thamnophis-sirtalis
3e53802c11,thamnophis-sirtalis
44be6183a7,thamnophis-sirtalis
c73c3c3b9b,thamnophis-sirtalis
f519f23157,thamnophis-sirtalis
1e56fb5139,thamnophis-sirtalis
b4699a9c84,thamnophis-sirtalis
c25b2a530d,thamnophis-sirtalis
c0c6aa8b10,thamnophis-sirtalis
88608b60c6,thamnophis-sirtalis
1e416f3e13,thamnophis-sirtalis
40988857ce,thamnophis-sirtalis
0c89d31702,thamnophis-sirtalis
ed26fe7996,thamnophis-sirtalis
94fe7ff244,thamnophis-sirtalis
46ee76ccb8,thamnophis-sirtalis
d65c2dc896,thamnophis-sirtalis
b0ebe0ec7c,thamnophis-sirtalis
b976cbbc89,thamnophis-sirtalis
8ba809dab1,thamnophis-sirtalis
375696a37f,crotalus-atrox
9db974a233,crotalus-atrox
31b15b7404,thamnophis-sirtalis
8d33851a8b,thamnophis-sirtalis
17b3968ced,thamnophis-sirtalis
92dc510a40,thamnophis-sirtalis
512fc9e23c,thamnophis-sirtalis
d3a15518ac,thamnophis-sirtalis
606b454ea5,thamnophis-sirtalis
9e8f1195b3,crotalus-atrox
9b09290d21,thamnophis-sirtalis
143df6c4aa,thamnophis-sirtalis
db06bafc17,thamnophis-sirtalis
090abdc8b8,thamnophis-sirtalis
ed7b95d537,thamnophis-sirtalis
ebdbb4edfa,thamnophis-sirtalis
e51bebd7ce,thamnophis-sirtalis
65faa9df15,thamnophis-sirtalis
7cf1559b96,thamnophis-sirtalis
809a0a209e,thamnophis-sirtalis
14a0397527,thamnophis-sirtalis
db945af48b,thamnophis-sirtalis
3338b33890,thamnophis-sirtalis
c3f5e146ba,thamnophis-sirtalis
722b6323ec,thamnophis-sirtalis
4a6b1852d0,thamnophis-sirtalis
9a73a81dff,thamnophis-sirtalis
44e2cc78d3,thamnophis-sirtalis
e36fa6f2e6,thamnophis-sirtalis
37701846eb,thamnophis-sirtalis
c4804cb27f,thamnophis-sirtalis
2f774a0168,thamnophis-sirtalis
477737deba,thamnophis-sirtalis
684a7b08ae,thamnophis-sirtalis
aadfad28f5,thamnophis-sirtalis
2847d4e56d,thamnophis-sirtalis
2e9f1674bc,thamnophis-sirtalis
385ea02927,thamnophis-sirtalis
aaa615d84a,thamnophis-sirtalis
4a56a9830a,thamnophis-sirtalis
add4ded433,thamnophis-sirtalis
86cb5618f9,thamnophis-sirtalis
8e1be27f76,thamnophis-sirtalis
41de4add86,thamnophis-sirtalis
618148c93a,thamnophis-sirtalis
94384b64ee,thamnophis-sirtalis
98ca8e97e3,thamnophis-sirtalis
58a809a5da,thamnophis-sirtalis
c82b0038fb,thamnophis-sirtalis
3e948e13ad,thamnophis-sirtalis
b77fbe5457,thamnophis-sirtalis
5ea87a2f3d,thamnophis-sirtalis
3aaaeb3001,thamnophis-sirtalis
855792de01,thamnophis-sirtalis
a4936afac4,thamnophis-sirtalis
68570123d7,thamnophis-sirtalis
ab501eeaa1,thamnophis-sirtalis
fa68e6c437,thamnophis-sirtalis
b78234966e,thamnophis-sirtalis
d8989a7ebd,thamnophis-sirtalis
de9b02c30b,thamnophis-sirtalis
8d02041d76,storeria-dekayi
924799e3f4,thamnophis-sirtalis
9a78bc503d,crotalus-atrox
fe652f12b4,crotalus-atrox
ff8781cb80,thamnophis-sirtalis
c41ed9c05b,thamnophis-sirtalis
3024fa18e5,thamnophis-sirtalis
488901ecd7,thamnophis-sirtalis
3bbdab923c,thamnophis-sirtalis
08a0158c25,thamnophis-sirtalis
3563d17587,thamnophis-sirtalis
50281e1d1d,pituophis-catenifer
a28a1a35a7,thamnophis-sirtalis
8161449847,crotalus-atrox
b9179ad8ed,thamnophis-sirtalis
aeeb16bfec,thamnophis-sirtalis
2c983824a0,thamnophis-sirtalis
8481649aee,thamnophis-sirtalis
20f14eedb1,thamnophis-sirtalis
341d33701d,thamnophis-sirtalis
df0fb047d2,thamnophis-sirtalis
4228389f4b,thamnophis-sirtalis
0ce760d438,thamnophis-sirtalis
7d316f0c9d,thamnophis-sirtalis
d98003bb75,thamnophis-sirtalis
4f39265344,thamnophis-sirtalis
012154c583,thamnophis-sirtalis
cfa7ab3db8,thamnophis-sirtalis
5ac4d84b46,crotalus-atrox
a1d9f93887,thamnophis-sirtalis
4fa2f1b008,thamnophis-sirtalis
b45b7e4c81,thamnophis-sirtalis
786ba4ba4b,thamnophis-sirtalis
31614aea45,crotalus-atrox
d111dafe36,thamnophis-sirtalis
c2608c8551,thamnophis-sirtalis
cc7b9bd6ed,thamnophis-sirtalis
9582dbeb27,thamnophis-sirtalis
1e665d3a05,thamnophis-sirtalis
50d38f3707,thamnophis-sirtalis
79818ed7bd,thamnophis-sirtalis
13ebc1770d,thamnophis-sirtalis
92643765f4,thamnophis-sirtalis
c5b4577265,crotalus-atrox
46e4512b8e,thamnophis-sirtalis
79e5a876ae,thamnophis-sirtalis
eda032e523,thamnophis-sirtalis
0fd905ded1,thamnophis-sirtalis
ef82006232,thamnophis-sirtalis
4b823fb6b9,thamnophis-sirtalis
c71ddedbd6,thamnophis-sirtalis
8ab088c8fe,thamnophis-sirtalis
2a686ef996,thamnophis-sirtalis
44827e0c96,thamnophis-sirtalis
c3c66a42cd,thamnophis-sirtalis
97a2c7ecb7,thamnophis-sirtalis
68f05a3a85,thamnophis-sirtalis
d67f206f3d,thamnophis-sirtalis
1b9dd02d06,thamnophis-sirtalis
7cead4b1c3,thamnophis-sirtalis
785a849ff5,thamnophis-sirtalis
02fa6b3ee5,thamnophis-sirtalis
87318c3aca,thamnophis-sirtalis
bb4b7c9f3b,thamnophis-sirtalis
647d580a8c,thamnophis-sirtalis
c28fa93914,thamnophis-sirtalis
1d6504604f,thamnophis-sirtalis
b960c924af,thamnophis-sirtalis
95f24f6dbf,thamnophis-sirtalis
144981a319,thamnophis-sirtalis
c5843ff6bc,thamnophis-sirtalis
3981bb53f1,thamnophis-sirtalis
8cb6eebb38,thamnophis-sirtalis
8111c15451,thamnophis-sirtalis
0dddf76dfe,thamnophis-sirtalis
5421f5b6ca,thamnophis-sirtalis
f2d94b49ca,thamnophis-sirtalis
76cdffaffb,thamnophis-sirtalis
46a6a306fc,thamnophis-sirtalis
2b6245d77b,thamnophis-sirtalis
c47c82122f,thamnophis-sirtalis
c04ef971c2,thamnophis-sirtalis
d112dcec1e,thamnophis-sirtalis
6c78d9c8ce,thamnophis-sirtalis
1d3c4f7d2f,thamnophis-sirtalis
9c88832a7a,thamnophis-sirtalis
0cc412b743,thamnophis-sirtalis
813751c7fe,thamnophis-sirtalis
fba47323dd,thamnophis-sirtalis
4733a797e4,thamnophis-sirtalis
811119a90b,thamnophis-sirtalis
0d08d8becf,thamnophis-sirtalis
f3bdc27db9,thamnophis-sirtalis
bbe79f4604,thamnophis-sirtalis
d5fb0f6816,thamnophis-sirtalis
f94be71c7a,thamnophis-sirtalis
4a247becfb,thamnophis-sirtalis
89a8cb0e76,thamnophis-sirtalis
ef54757e06,thamnophis-sirtalis
da8f5e5486,thamnophis-sirtalis
386f649b46,thamnophis-sirtalis
ef07005750,thamnophis-sirtalis
33c33c3665,thamnophis-sirtalis
d919c074ed,storeria-dekayi
343d7275b2,thamnophis-sirtalis
1794be2478,thamnophis-sirtalis
038eefc633,thamnophis-sirtalis
033c590985,thamnophis-sirtalis
1288525568,thamnophis-sirtalis
3b0596bd51,thamnophis-sirtalis
84191bfd5a,pantherophis-obsoletus
11660a3b49,thamnophis-sirtalis
b5b4689c0d,thamnophis-sirtalis
6bc53a3ab8,thamnophis-sirtalis
c095ab66df,thamnophis-sirtalis
6f44735f58,thamnophis-sirtalis
2f3f358d43,thamnophis-sirtalis
da3f1c4d6e,thamnophis-sirtalis
0b975a80ed,crotalus-atrox
e27ca7d445,thamnophis-sirtalis
14c1f66246,thamnophis-sirtalis
69d4b15fd1,thamnophis-sirtalis
657cdeaa72,thamnophis-sirtalis
5b356b946f,pantherophis-obsoletus
8b2bbb9546,thamnophis-sirtalis
2b8b168c61,thamnophis-sirtalis
e3654cac52,thamnophis-sirtalis
65683b5376,thamnophis-sirtalis
fc4dbc6d5d,thamnophis-sirtalis
3dccd63a1c,thamnophis-sirtalis
25891d7e28,thamnophis-sirtalis
7d47015e7f,thamnophis-sirtalis
451a823673,thamnophis-sirtalis
d930d37135,thamnophis-sirtalis
b937924469,thamnophis-sirtalis
ad64e08277,pituophis-catenifer
19bd628df5,thamnophis-sirtalis
f247f88b68,thamnophis-sirtalis
ba00658f4c,thamnophis-sirtalis
68722a30ea,thamnophis-sirtalis
36beae29d4,thamnophis-sirtalis
ce8b6913f4,thamnophis-sirtalis
fbf220a77a,thamnophis-sirtalis
5cb1e2553b,crotalus-atrox
992f8823fb,thamnophis-sirtalis
c10ff40811,thamnophis-sirtalis
b1d492d342,thamnophis-sirtalis
713804346e,thamnophis-sirtalis
1c54dbdb06,thamnophis-sirtalis
db28e1151c,thamnophis-sirtalis
162a7cdf2a,thamnophis-sirtalis
e9d344e301,thamnophis-sirtalis
8610476c82,thamnophis-sirtalis
054481ab8f,thamnophis-sirtalis
881fd4dc15,thamnophis-sirtalis
01bc7841f0,thamnophis-sirtalis
11f0e3c25b,thamnophis-sirtalis
68642c8410,thamnophis-sirtalis
b73f6347cd,thamnophis-sirtalis
b3452f1934,thamnophis-sirtalis
963998afb6,thamnophis-sirtalis
6dbd0674dd,thamnophis-sirtalis
7ed1337bff,thamnophis-sirtalis
55e04b0100,thamnophis-sirtalis
a8827df7c1,thamnophis-sirtalis
1f393e851f,thamnophis-sirtalis
54d2fa2eda,thamnophis-sirtalis
d93873fdb7,thamnophis-sirtalis
bf1a6aa6aa,thamnophis-sirtalis
7c63285d95,thamnophis-sirtalis
ce17bee7ea,thamnophis-sirtalis
fa0e46865e,thamnophis-sirtalis
c2ad7b1b76,thamnophis-sirtalis
6dea60b535,thamnophis-sirtalis
73bda1efb3,thamnophis-sirtalis
0a92678115,thamnophis-sirtalis
8bb0c18e00,thamnophis-sirtalis
15f4557735,thamnophis-sirtalis
72d0f049bf,thamnophis-sirtalis
f35100aade,crotalus-atrox
d44c8d5314,thamnophis-sirtalis
0fa9fc3183,thamnophis-sirtalis
c484be18d6,thamnophis-sirtalis
d6279d9ecd,thamnophis-sirtalis
a1c21d6672,thamnophis-sirtalis
bde7c1f5cc,thamnophis-sirtalis
e1dce31f83,thamnophis-sirtalis
227ad5b05c,thamnophis-sirtalis
b830d5dbe5,thamnophis-sirtalis
ccb79ed307,thamnophis-sirtalis
fef6cec454,thamnophis-sirtalis
b9509d1721,thamnophis-sirtalis
6f3af7373d,thamnophis-sirtalis
57db3594db,thamnophis-sirtalis
2472af6c57,thamnophis-sirtalis
bd43b49990,thamnophis-sirtalis
64b358a9bb,thamnophis-sirtalis
a59422c281,thamnophis-sirtalis
6cbc15a33e,thamnophis-sirtalis
48a78ec539,thamnophis-sirtalis
ec24a7dba0,thamnophis-sirtalis
49734a6ebf,thamnophis-sirtalis
01008992e9,thamnophis-sirtalis
11790d01c8,thamnophis-sirtalis
40b8fc0e84,thamnophis-sirtalis
14b51564a5,thamnophis-sirtalis
5a7b351a60,thamnophis-sirtalis
2a7b6c5b9c,thamnophis-sirtalis
26cab4eb5c,thamnophis-sirtalis
f03aa5df7a,thamnophis-sirtalis
b19e082892,thamnophis-sirtalis
cb82fa561f,thamnophis-sirtalis
902a71bf05,thamnophis-sirtalis
7bf3a6739b,thamnophis-sirtalis
8a604f1ddc,thamnophis-sirtalis
7f926d3284,thamnophis-sirtalis
96958ebf1b,thamnophis-sirtalis
9886f29ea0,thamnophis-sirtalis
a151d5bd1d,crotalus-atrox
601a036889,thamnophis-sirtalis
ace74db921,crotalus-atrox
f92fe5e5b0,thamnophis-sirtalis
49f08ece45,thamnophis-sirtalis
b8c09adadc,thamnophis-sirtalis
8b704e36a2,thamnophis-sirtalis
3fd328c40e,thamnophis-sirtalis
07a1325194,thamnophis-sirtalis
559a737051,thamnophis-sirtalis
9784892755,thamnophis-sirtalis
6b1f376295,thamnophis-sirtalis
2e0d21aede,crotalus-atrox
4cb6776f57,thamnophis-sirtalis
dad51cd1dd,thamnophis-sirtalis
160ff28e12,crotalus-atrox
ac2b560e59,thamnophis-sirtalis
80960684df,pantherophis-obsoletus
dda7fe77cf,thamnophis-sirtalis
41b6e2b209,thamnophis-sirtalis
4e786381ff,thamnophis-sirtalis
e6f6b08dc0,thamnophis-sirtalis
39ae08a8a2,thamnophis-sirtalis
07ad933b01,thamnophis-sirtalis
ab72fae277,thamnophis-sirtalis
17b254d95e,thamnophis-sirtalis
d0a8efe351,thamnophis-sirtalis
ccf22994e8,thamnophis-sirtalis
dc912c11c4,thamnophis-sirtalis
cd41d47965,crotalus-atrox
c73f697001,thamnophis-sirtalis
bf0251ff3c,thamnophis-sirtalis
42649255bc,thamnophis-sirtalis
293259d508,thamnophis-sirtalis
4cc20d0bc8,thamnophis-sirtalis
8fabf4c798,thamnophis-sirtalis
5d0faf4c7b,thamnophis-sirtalis
e739a016b4,crotalus-atrox
222f09d68c,thamnophis-sirtalis
a4bf73e176,thamnophis-sirtalis
b137ef058f,thamnophis-sirtalis
c1039f5273,thamnophis-sirtalis
b8c8491cb6,crotalus-atrox
ee31dcdf27,thamnophis-sirtalis
718bc14e1a,thamnophis-sirtalis
67fea1ff7d,thamnophis-sirtalis
e801ee6840,thamnophis-sirtalis
8d2b02a4b8,thamnophis-sirtalis
1fff5a46d7,thamnophis-sirtalis
045f997c55,thamnophis-sirtalis
c724879503,thamnophis-sirtalis
ceb38802d8,thamnophis-sirtalis
f54c8489c0,pituophis-catenifer
8a1aa78cda,thamnophis-sirtalis
a89830d58e,thamnophis-sirtalis
857c430acc,thamnophis-sirtalis
727d39c386,thamnophis-sirtalis
e46e1ff177,thamnophis-sirtalis
ff36f08f54,thamnophis-sirtalis
42b9ebe601,thamnophis-sirtalis
6c2e15cfe3,thamnophis-sirtalis
b0b4a61772,thamnophis-sirtalis
c08388a48f,thamnophis-sirtalis
bbfba08e73,thamnophis-sirtalis
8d52547e5f,thamnophis-sirtalis
34e6afb98b,thamnophis-sirtalis
5d82166868,thamnophis-sirtalis
991a9dbcb3,thamnophis-sirtalis
e0b2962c83,thamnophis-sirtalis
57050111e0,pantherophis-obsoletus
559ed5ed62,crotalus-atrox
cfa6f0c0ea,pantherophis-obsoletus
68ffd2a53a,thamnophis-sirtalis
b9afe1d694,thamnophis-sirtalis
03e5159380,thamnophis-sirtalis
7b9765dd01,thamnophis-sirtalis
5b1613f007,thamnophis-sirtalis
a48ae72b05,thamnophis-sirtalis
55558305ba,thamnophis-sirtalis
895249fbf8,thamnophis-sirtalis
3dcee426bd,thamnophis-sirtalis
0dffc5dc0a,thamnophis-sirtalis
fbda0ff664,thamnophis-sirtalis
47241a7a2f,thamnophis-sirtalis
d417d4f631,thamnophis-sirtalis
23ad837e57,crotalus-atrox
6f2c9b0a8e,thamnophis-sirtalis
a01abc8b06,thamnophis-sirtalis
c6ca718826,thamnophis-sirtalis
ab888375df,thamnophis-sirtalis
2b1db1ded4,thamnophis-sirtalis
fd6832ac73,thamnophis-sirtalis
485a5b3419,thamnophis-sirtalis
aedeb630da,thamnophis-sirtalis
09f01bb907,thamnophis-sirtalis
a763ba3648,crotalus-atrox
dc5f2f060a,thamnophis-sirtalis
dd01683edc,crotalus-atrox
e931b94a50,thamnophis-sirtalis
fa58c0f04f,thamnophis-sirtalis
e2c8b01054,thamnophis-sirtalis
15ddd7bca3,thamnophis-sirtalis
f00a203827,thamnophis-sirtalis
1cc583c86f,crotalus-atrox
8ae15dfb92,thamnophis-sirtalis
71150f768b,crotalus-atrox
0823016b69,crotalus-atrox
d21d7e61ca,thamnophis-sirtalis
063269761f,thamnophis-sirtalis
700d8ecd83,thamnophis-sirtalis
4d2a67a53b,thamnophis-sirtalis
3292dbb525,thamnophis-sirtalis
207bea7c2e,thamnophis-sirtalis
f47788339e,thamnophis-sirtalis
79104dbf66,thamnophis-sirtalis
42378b3f2f,thamnophis-sirtalis
2a44495fb7,thamnophis-sirtalis
3e2ea403b2,thamnophis-sirtalis
f7e249aed9,thamnophis-sirtalis
b92b1aedcc,thamnophis-sirtalis
e1d6453f2b,thamnophis-sirtalis
cceb5470db,thamnophis-sirtalis
8486c55d6c,thamnophis-sirtalis
a0dd47833b,thamnophis-sirtalis
1e056656bf,thamnophis-sirtalis
0b739e266e,crotalus-atrox
0394781976,thamnophis-sirtalis
13d58ec6aa,crotalus-atrox
860bb58cdf,crotalus-atrox
9f6fd47396,thamnophis-sirtalis
295ab7d70f,thamnophis-sirtalis
e0e5b99f06,thamnophis-sirtalis
af99899112,thamnophis-sirtalis
a2d253f06d,thamnophis-sirtalis
db517bd3e6,thamnophis-sirtalis
6c5e01ce28,thamnophis-sirtalis
ad94af4567,thamnophis-sirtalis
a45fc803c9,thamnophis-sirtalis
bfae6bd6d5,crotalus-atrox
688b2608c8,thamnophis-sirtalis
3aedf03b93,thamnophis-sirtalis
2988f6b14e,thamnophis-sirtalis
22533e6b71,thamnophis-sirtalis
ff7735def6,thamnophis-sirtalis
292607026b,thamnophis-sirtalis
3ccb420d0c,thamnophis-sirtalis
13a059d87a,thamnophis-sirtalis
3c083b4590,thamnophis-sirtalis
2cefdedb33,thamnophis-sirtalis
a60ce6d077,thamnophis-sirtalis
5bb72556f9,thamnophis-sirtalis
9ebfc32ad0,thamnophis-sirtalis
f962e3439e,thamnophis-sirtalis
1930c4ef59,thamnophis-sirtalis
36ff5e2a56,crotalus-atrox
17f7991a24,thamnophis-sirtalis
e2852dfcc2,thamnophis-sirtalis
cac1cf0907,thamnophis-sirtalis
6bc32ee53e,thamnophis-sirtalis
6fcc4ea871,thamnophis-sirtalis
b4d280970e,thamnophis-sirtalis
c0062f2cd3,thamnophis-sirtalis
1debbd0daa,thamnophis-sirtalis
9e7a2e94c4,thamnophis-sirtalis
b688c60e29,thamnophis-sirtalis
9315a4a9e9,thamnophis-sirtalis
fb5fc3ff56,thamnophis-sirtalis
87608051e5,thamnophis-sirtalis
b99098909e,thamnophis-sirtalis
47a8ec4f3e,crotalus-atrox
bd95ef304d,thamnophis-sirtalis
9b07f3eacf,thamnophis-sirtalis
3412a66683,storeria-dekayi
867f2ef9d9,thamnophis-sirtalis
5b4838e1e5,thamnophis-sirtalis
6ca03f6d63,thamnophis-sirtalis
3f59a08941,thamnophis-sirtalis
91fb4fb5e5,thamnophis-sirtalis
825908cce1,thamnophis-sirtalis
9d0d36b4b2,thamnophis-sirtalis
a869568b74,thamnophis-sirtalis
4bb31fa285,thamnophis-sirtalis
8b8357c908,thamnophis-sirtalis
452124f26d,thamnophis-sirtalis
820f329919,thamnophis-sirtalis
662449a569,thamnophis-sirtalis
2cb9a689f8,thamnophis-sirtalis
ac132f5934,thamnophis-sirtalis
55c5a2a0bb,thamnophis-sirtalis
77cdc9894e,pituophis-catenifer
b0669937f2,thamnophis-sirtalis
416e8f5071,thamnophis-sirtalis
044b47bb18,crotalus-atrox
b11275c440,thamnophis-sirtalis
6d644b2b27,thamnophis-sirtalis
fe3fe692d4,thamnophis-sirtalis
57ef22b097,crotalus-atrox
d9fca7fbeb,thamnophis-sirtalis
f3ecca6910,thamnophis-sirtalis
2004e8fe2c,thamnophis-sirtalis
5ed983ebe4,thamnophis-sirtalis
0ce29ac201,thamnophis-sirtalis
3327333217,thamnophis-sirtalis
ba126f9814,thamnophis-sirtalis
58a86e1fbc,thamnophis-sirtalis
ce51028899,thamnophis-sirtalis
a075ddf05c,crotalus-atrox
27fe381477,thamnophis-sirtalis
5fa87ae1fc,thamnophis-sirtalis
b5293b81b0,crotalus-atrox
5653096047,thamnophis-sirtalis
37503e8da9,crotalus-atrox
aee44249a7,thamnophis-sirtalis
15003d8072,thamnophis-sirtalis
26ea706d87,thamnophis-sirtalis
b107b5bfec,crotalus-atrox
e2fcddeb52,thamnophis-sirtalis
3abfa44d66,thamnophis-sirtalis
575fd1acd4,thamnophis-sirtalis
4e595ab339,thamnophis-sirtalis
eaedb4aeea,crotalus-atrox
f26b948e46,thamnophis-sirtalis
9f10e1116b,thamnophis-sirtalis
da3f536aeb,pituophis-catenifer
14265d230f,thamnophis-sirtalis
87403ef53d,thamnophis-sirtalis
b6ffe43c55,thamnophis-sirtalis
75ebbc0cd3,pituophis-catenifer
b1e89ad24e,thamnophis-sirtalis
56c9e212e1,crotalus-atrox
c375eaa47c,thamnophis-sirtalis
9d60408184,thamnophis-sirtalis
7c700cba7a,thamnophis-sirtalis
4846c2ff38,thamnophis-sirtalis
cca13460db,thamnophis-sirtalis
ace4428288,crotalus-atrox
f93b01cf67,thamnophis-sirtalis
381cd1d7b0,pantherophis-obsoletus
30e4144ba5,crotalus-atrox
c96674a57e,thamnophis-sirtalis
b5fa9c891c,thamnophis-sirtalis
857dc26592,thamnophis-sirtalis
a76c44bb89,thamnophis-sirtalis
82e701f9a7,thamnophis-sirtalis
9e2d9ab3e2,thamnophis-sirtalis
a8ea06d10f,crotalus-atrox
594cc3fd5a,thamnophis-sirtalis
66533f8fc8,thamnophis-sirtalis
393100f69f,thamnophis-sirtalis
be611db16b,thamnophis-sirtalis
e5a3e55619,thamnophis-sirtalis
ab227abef4,thamnophis-sirtalis
f89b383858,thamnophis-sirtalis
bc050ff130,thamnophis-sirtalis
56c75093dd,thamnophis-sirtalis
63da8e83a5,thamnophis-sirtalis
ccd7709ba8,thamnophis-sirtalis
624a6c0459,thamnophis-sirtalis
f6f493238e,thamnophis-sirtalis
8ea489d2ec,thamnophis-sirtalis
4414687ddb,thamnophis-sirtalis
16768932e7,thamnophis-sirtalis
4c3eb5bfb1,thamnophis-sirtalis
29da4e905f,thamnophis-sirtalis
3e77a414cf,thamnophis-sirtalis
480178afdb,crotalus-atrox
da1aeaec34,thamnophis-sirtalis
f9d30e7c25,thamnophis-sirtalis
6c8893e5b9,thamnophis-sirtalis
fcb8d0382d,thamnophis-sirtalis
5ede340e32,thamnophis-sirtalis
d1ef8c5ebe,thamnophis-sirtalis
20c98b7d75,thamnophis-sirtalis
a32ca206e4,thamnophis-sirtalis
b14024890c,thamnophis-sirtalis
eadd4b193b,thamnophis-sirtalis
1309de6784,thamnophis-sirtalis
8c0ecbc291,thamnophis-sirtalis
86be30154b,thamnophis-sirtalis
9cb8de814e,thamnophis-sirtalis
5f255f8a6f,thamnophis-sirtalis
d6ed42c50b,thamnophis-sirtalis
6ffd88def2,crotalus-atrox
348d974fa5,thamnophis-sirtalis
6ff13e6eb6,thamnophis-sirtalis
d441752d22,thamnophis-sirtalis
d582a92123,thamnophis-sirtalis
fa6146a028,thamnophis-sirtalis
35a1801b68,thamnophis-sirtalis
9ecc4721bf,thamnophis-sirtalis
7be7d952f8,thamnophis-sirtalis
d58eda8969,thamnophis-sirtalis
998a1cbe5a,thamnophis-sirtalis
2f28b83984,thamnophis-sirtalis
54126ca78d,thamnophis-sirtalis
d47dbad6f9,crotalus-atrox
b70ed6998c,thamnophis-sirtalis
351a52d327,thamnophis-sirtalis
66c69c2d1a,thamnophis-sirtalis
e09b662bd5,thamnophis-sirtalis
f457c263c5,thamnophis-sirtalis
1996c3c0a0,thamnophis-sirtalis
80c77ea095,thamnophis-sirtalis
8fea7a6f67,thamnophis-sirtalis
e496c7ae34,thamnophis-sirtalis
c33c94bd3d,thamnophis-sirtalis
356311d35c,thamnophis-sirtalis
00fefc891d,thamnophis-sirtalis
4d8e2d733d,thamnophis-sirtalis
8b16f8a4e1,thamnophis-sirtalis
c606bb7282,thamnophis-sirtalis
07265abede,thamnophis-sirtalis
b5171d3348,thamnophis-sirtalis
00a3b82892,thamnophis-sirtalis
e9b38ba43f,thamnophis-sirtalis
27046a7f7d,thamnophis-sirtalis
325e2a718c,thamnophis-sirtalis
bd3de164e8,thamnophis-sirtalis
05bbc5070b,thamnophis-sirtalis
fe4bdf4f63,pituophis-catenifer
f4459bc74a,crotalus-atrox
77dd465e89,crotalus-atrox
9db61dea8b,thamnophis-sirtalis
d66c3f3d34,thamnophis-sirtalis
986467ee6d,thamnophis-sirtalis
bc055cfcf1,crotalus-atrox
febc601a64,thamnophis-sirtalis
4fb62fe5f4,thamnophis-sirtalis
5c0dcbb923,thamnophis-sirtalis
e405656b1b,thamnophis-sirtalis
89ac32a56d,thamnophis-sirtalis
e037e771c3,thamnophis-sirtalis
dd13ef5784,thamnophis-sirtalis
f5f14dcdd2,thamnophis-sirtalis
7d40454b7b,thamnophis-sirtalis
cbe325ab91,thamnophis-sirtalis
8b8f0dd5e6,thamnophis-sirtalis
fc58e19ca0,thamnophis-sirtalis
5e0fe76874,crotalus-atrox
e42020f71e,thamnophis-sirtalis
6ee21f4bbc,pituophis-catenifer
7e25f7155c,thamnophis-sirtalis
aba879e0f7,thamnophis-sirtalis
79e730fef9,thamnophis-sirtalis
2d0a449a11,thamnophis-sirtalis
ddeaf09179,thamnophis-sirtalis
50a7c39fb7,thamnophis-sirtalis
018c739beb,thamnophis-sirtalis
fc94ed1d6d,thamnophis-sirtalis
230c70d896,thamnophis-sirtalis
d2084ae837,thamnophis-sirtalis
580f638042,thamnophis-sirtalis
cd8dc76a5a,thamnophis-sirtalis
c8ca8f0048,thamnophis-sirtalis
ef1690ca4f,crotalus-atrox
d484524f6a,thamnophis-sirtalis
3e12eda545,thamnophis-sirtalis
2874500090,thamnophis-sirtalis
279efc0706,thamnophis-sirtalis
ff8722be40,thamnophis-sirtalis
d1741bbdfa,pituophis-catenifer
277dc08855,thamnophis-sirtalis
79ce251e0a,thamnophis-sirtalis
ec2cb44a7f,thamnophis-sirtalis
f13f3085ae,thamnophis-sirtalis
368907beeb,thamnophis-sirtalis
cbb770ff5a,thamnophis-sirtalis
543995ea87,thamnophis-sirtalis
07624666fb,crotalus-atrox
bd32389689,thamnophis-sirtalis
f22cb96859,crotalus-atrox
0a78ca4bcb,thamnophis-sirtalis
d6a80b7b94,thamnophis-sirtalis
ebcbf1382f,crotalus-atrox
c334072feb,thamnophis-sirtalis
2e97263a6b,thamnophis-sirtalis
77321df6c5,thamnophis-sirtalis
779248244f,thamnophis-sirtalis
8f336f0634,thamnophis-sirtalis
7bf2980a9d,thamnophis-sirtalis
4bbc8c4bcb,thamnophis-sirtalis
e4827f9295,thamnophis-sirtalis
bdbd9d005c,thamnophis-sirtalis
8b9db7077f,thamnophis-sirtalis
ca33c6d5ad,thamnophis-sirtalis
2abb924a58,thamnophis-sirtalis
ccdceb7b04,thamnophis-sirtalis
1c53a0e9af,thamnophis-sirtalis
9d5e6df395,thamnophis-sirtalis
14766b3230,crotalus-atrox
336c730066,thamnophis-sirtalis
b4f2848f54,thamnophis-sirtalis
c7c9fdada6,thamnophis-sirtalis
2ea0beae2d,thamnophis-sirtalis
093655b322,thamnophis-sirtalis
5eab328c5b,thamnophis-sirtalis
5955a29848,thamnophis-sirtalis
07437a1fe8,thamnophis-sirtalis
f63b571452,thamnophis-sirtalis
2632a10a71,thamnophis-sirtalis
274fd61c14,thamnophis-sirtalis
a7f5375ba7,thamnophis-sirtalis
f037d55664,thamnophis-sirtalis
138924be68,thamnophis-sirtalis
acd563d446,thamnophis-sirtalis
4b381d7348,thamnophis-sirtalis
0ae45b5aaa,thamnophis-sirtalis
a853ecfce0,thamnophis-sirtalis
f7ab9a3e13,thamnophis-sirtalis
231da2602e,thamnophis-sirtalis
48ac7f1c7d,thamnophis-sirtalis
770de8c393,thamnophis-sirtalis
2049112874,thamnophis-sirtalis
d5c6a36fb3,thamnophis-sirtalis
5d5286410a,thamnophis-sirtalis
fbd2e05f9d,thamnophis-sirtalis
5cb1e77e60,thamnophis-sirtalis
016c384a1a,thamnophis-sirtalis
7b7a456cd9,thamnophis-sirtalis
99e3cdcc39,thamnophis-sirtalis
a3df4a6366,thamnophis-sirtalis
3b99bf84d6,thamnophis-sirtalis
59cd4c4417,thamnophis-sirtalis
a44d993fbe,thamnophis-sirtalis
806789a916,thamnophis-sirtalis
10c35c9661,thamnophis-sirtalis
d5998a22fb,thamnophis-sirtalis
f08e8cb28b,thamnophis-sirtalis
d931cd921f,thamnophis-sirtalis
5ab3fc3b21,thamnophis-sirtalis
9310ca3b13,thamnophis-sirtalis
990d9f9cc7,thamnophis-sirtalis
b883a88123,thamnophis-sirtalis
659e1304ed,thamnophis-sirtalis
632568f983,thamnophis-sirtalis
82b4daee47,thamnophis-sirtalis
9e08e2e7c0,thamnophis-sirtalis
995da4bdfe,thamnophis-sirtalis
9ba5f59e0d,thamnophis-sirtalis
ecc2bff41e,thamnophis-sirtalis
48807c6a7f,thamnophis-sirtalis
f9bfc13a70,thamnophis-sirtalis
0bc8c8b3d9,thamnophis-sirtalis
9cd4b65c2c,thamnophis-sirtalis
511dffe7d2,thamnophis-sirtalis
0d885db042,thamnophis-sirtalis
10ff7e57d3,thamnophis-sirtalis
b9551ebdb5,thamnophis-sirtalis
bb4acca82d,thamnophis-sirtalis
6a5c796675,pantherophis-obsoletus
3ccba0002a,thamnophis-sirtalis
521a24cb0a,thamnophis-sirtalis
7db0e926a2,thamnophis-sirtalis
82335fe2c5,thamnophis-sirtalis
5f9a9502e6,thamnophis-sirtalis
10cea40844,thamnophis-sirtalis
a370764eb5,thamnophis-sirtalis
f5f5fa2cb8,thamnophis-sirtalis
662387370b,thamnophis-sirtalis
c68022554f,thamnophis-sirtalis
c36db9f26d,thamnophis-sirtalis
cbfddc9c88,thamnophis-sirtalis
cc51485193,thamnophis-sirtalis
ca424e0558,thamnophis-sirtalis
af114ec554,crotalus-atrox
cbd8652fef,thamnophis-sirtalis
80da121cf4,crotalus-atrox
108da1072a,thamnophis-sirtalis
66f17263f8,thamnophis-sirtalis
f5752a0f0a,crotalus-atrox
e7e867160a,thamnophis-sirtalis
ca291a5737,thamnophis-sirtalis
7f8c875465,thamnophis-sirtalis
195a2f4c3a,thamnophis-sirtalis
2757eb8bbd,thamnophis-sirtalis
53d596c447,thamnophis-sirtalis
18a07e89ac,thamnophis-sirtalis
1c806c5b9b,thamnophis-sirtalis
a8fae46a5a,thamnophis-sirtalis
eab9b89ad9,thamnophis-sirtalis
3afe948592,thamnophis-sirtalis
7230d4cc69,crotalus-atrox
35e116cab9,thamnophis-sirtalis
f7cf344e61,thamnophis-sirtalis
113f968224,thamnophis-sirtalis
b1fb6982cd,storeria-dekayi
d50bdf5b2d,thamnophis-sirtalis
5c818f58a7,crotalus-atrox
533805ace7,thamnophis-sirtalis
783d628cbf,thamnophis-sirtalis
543bb54091,thamnophis-sirtalis
59411ea382,thamnophis-sirtalis
7326d26554,thamnophis-sirtalis
5b848633ea,thamnophis-sirtalis
a1ba32ac3d,thamnophis-sirtalis
c368ede9c3,thamnophis-sirtalis
f1bae12c32,thamnophis-sirtalis
534d81b3e3,thamnophis-sirtalis
91a95ef9cb,thamnophis-sirtalis
78eac1ae97,thamnophis-sirtalis
f05faa4bb1,thamnophis-sirtalis
f748cf3f7e,thamnophis-sirtalis
142141ec62,thamnophis-sirtalis
c52ac38aa0,thamnophis-sirtalis
2c6828452e,thamnophis-sirtalis
36cc932452,thamnophis-sirtalis
459bff3c88,pantherophis-obsoletus
c75bd067fd,thamnophis-sirtalis
379c96f9ac,crotalus-atrox
65ba6853da,thamnophis-sirtalis
0db0392426,thamnophis-sirtalis
b095d3ea2d,thamnophis-sirtalis
3415603d3c,thamnophis-sirtalis
dafd6dd941,thamnophis-sirtalis
a7bce1f266,thamnophis-sirtalis
c6a741646d,thamnophis-sirtalis
60dcbd5c62,thamnophis-sirtalis
f8f3d41360,thamnophis-sirtalis
9b5e5fd103,thamnophis-sirtalis
08f107e1e0,thamnophis-sirtalis
d96a2f8208,thamnophis-sirtalis
b03b72c2eb,thamnophis-sirtalis
c4b9384f10,thamnophis-sirtalis
6f2637eba0,thamnophis-sirtalis
e7fbaf1783,thamnophis-sirtalis
2b07b7f1fc,thamnophis-sirtalis
22784e30bd,thamnophis-sirtalis
fc99bec64d,thamnophis-sirtalis
e759f3eb2e,thamnophis-sirtalis
9b56093388,thamnophis-sirtalis
985cdf296c,thamnophis-sirtalis
af183d1608,thamnophis-sirtalis
ebf7de46e9,thamnophis-sirtalis
043d5f3770,thamnophis-sirtalis
0b36bcded4,thamnophis-sirtalis
01ef98f8e1,thamnophis-sirtalis
47efeda4fa,thamnophis-sirtalis
fa62eae8c5,thamnophis-sirtalis
3da4f0bcba,thamnophis-sirtalis
817a7ca50c,thamnophis-sirtalis
4bb367498c,thamnophis-sirtalis
aca563e081,thamnophis-sirtalis
c6db7228bb,thamnophis-sirtalis
8e4a48cec4,thamnophis-sirtalis
a3da69708a,thamnophis-sirtalis
b142b8a891,thamnophis-sirtalis
4142bb2db1,thamnophis-sirtalis
db3125c33e,thamnophis-sirtalis
5a2623981f,thamnophis-sirtalis
4b63db7a28,thamnophis-sirtalis
5a67e89081,thamnophis-sirtalis
b250c512df,thamnophis-sirtalis
d952649529,thamnophis-sirtalis
3ac12b3402,thamnophis-sirtalis
6b15e3ec5f,thamnophis-sirtalis
e4fa7fdae2,thamnophis-sirtalis
3c79a2b1b5,thamnophis-sirtalis
63d96d44bd,thamnophis-sirtalis
dc0f71785b,thamnophis-sirtalis
3715978259,thamnophis-sirtalis
5c02da1538,thamnophis-sirtalis
a56a6fe0a7,thamnophis-sirtalis
1ca029bf84,thamnophis-sirtalis
053bbbfcb7,thamnophis-sirtalis
3a231f98df,thamnophis-sirtalis
ef3c60bc6b,thamnophis-sirtalis
82c4e51f8a,thamnophis-sirtalis
2c9e196186,thamnophis-sirtalis
7c712866ff,thamnophis-sirtalis
fa72b3fe67,thamnophis-sirtalis
2b8d448683,thamnophis-sirtalis
a75b4f3fb0,thamnophis-sirtalis
7f2892af39,thamnophis-sirtalis
9877d40edb,thamnophis-sirtalis
603192bd4c,thamnophis-sirtalis
44a1a3e35f,thamnophis-sirtalis
9b5096caa1,thamnophis-sirtalis
8dc1f0796e,thamnophis-sirtalis
53e70d9cee,thamnophis-sirtalis
1b8242b960,thamnophis-sirtalis
03158930ae,thamnophis-sirtalis
6039af7619,thamnophis-sirtalis
190a575a41,thamnophis-sirtalis
2fc944bb61,thamnophis-sirtalis
d23b088919,crotalus-atrox
f17ff6178e,thamnophis-sirtalis
401f315389,thamnophis-sirtalis
bd2046b98f,thamnophis-sirtalis
64808b2252,thamnophis-sirtalis
abc0495ee8,thamnophis-sirtalis
cb9f92f658,thamnophis-sirtalis
7289b39618,thamnophis-sirtalis
d04605b05d,thamnophis-sirtalis
5cc447b09a,thamnophis-sirtalis
902ba5f792,thamnophis-sirtalis
a0c3ea95cd,thamnophis-sirtalis
93238c9b55,thamnophis-sirtalis
9510d33970,thamnophis-sirtalis
cc01857305,thamnophis-sirtalis
c379d985be,thamnophis-sirtalis
30d87fe508,thamnophis-sirtalis
d49df213b1,thamnophis-sirtalis
9262535d19,thamnophis-sirtalis
954cf7d09a,thamnophis-sirtalis
07adf1b336,thamnophis-sirtalis
25b2fbd6ca,thamnophis-sirtalis
d67ee11156,thamnophis-sirtalis
4bb9005883,thamnophis-sirtalis
d26718bf1b,thamnophis-sirtalis
f553f2da1c,thamnophis-sirtalis
4bef4cae1b,thamnophis-sirtalis
cc4949ffe3,thamnophis-sirtalis
8cffcf426d,storeria-dekayi
17bff00b28,thamnophis-sirtalis
e7b04cfe8c,thamnophis-sirtalis
910ad43321,crotalus-atrox
14b9be3fc8,thamnophis-sirtalis
d210b0b664,thamnophis-sirtalis
c20c4fedeb,thamnophis-sirtalis
7aa2349bd4,thamnophis-sirtalis
22ee6908b7,thamnophis-sirtalis
99d080b04b,thamnophis-sirtalis
91111d3298,thamnophis-sirtalis
bcaa37e00c,thamnophis-sirtalis
e8e4c7fbb1,thamnophis-sirtalis
ad27b3dc95,thamnophis-sirtalis
96c0e968cf,thamnophis-sirtalis
c935ce3db7,thamnophis-sirtalis
b6f53fbd8e,thamnophis-sirtalis
3f8b54c5b8,thamnophis-sirtalis
4c885eabe4,thamnophis-sirtalis
2786b3576c,thamnophis-sirtalis
a466efd69d,thamnophis-sirtalis
407c2c9dda,thamnophis-sirtalis
3565b03095,thamnophis-sirtalis
6e9284955c,thamnophis-sirtalis
8ed99e4c86,thamnophis-sirtalis
a5e69edc4b,thamnophis-sirtalis
4e6c995bef,crotalus-atrox
5ae9d343e8,thamnophis-sirtalis
e25a32c987,thamnophis-sirtalis
b30e722d22,thamnophis-sirtalis
5afeda65d0,thamnophis-sirtalis
18ad85f471,thamnophis-sirtalis
39927cfbaa,thamnophis-sirtalis
7b692d1127,thamnophis-sirtalis
84fcbb8e68,thamnophis-sirtalis
14ae30c15b,thamnophis-sirtalis
a603faa96e,storeria-dekayi
cd279c6a32,thamnophis-sirtalis
6aec488970,crotalus-atrox
4702bb06b2,thamnophis-sirtalis
9f1f0c4d77,thamnophis-sirtalis
37d255ba5a,thamnophis-sirtalis
9270b2e18c,thamnophis-sirtalis
38d6a2113a,thamnophis-sirtalis
c0f77950f7,thamnophis-sirtalis
86a6eb367c,thamnophis-sirtalis
3ad0cabc18,thamnophis-sirtalis
59b1221597,thamnophis-sirtalis
1012f2362a,crotalus-atrox
daac1e1960,thamnophis-sirtalis
b1cb0097f1,thamnophis-sirtalis
073e9ff640,thamnophis-sirtalis
3105af6b71,thamnophis-sirtalis
c2cbb5ab68,thamnophis-sirtalis
8bd5db2b2b,thamnophis-sirtalis
6e0adfbf99,thamnophis-sirtalis
ebfb1532ab,thamnophis-sirtalis
7120a62958,thamnophis-sirtalis
c15675b887,thamnophis-sirtalis
9604596853,thamnophis-sirtalis
f2bc584e0b,thamnophis-sirtalis
5ab91cb2ee,thamnophis-sirtalis
a1177f99c4,thamnophis-sirtalis
8c6e0cc938,thamnophis-sirtalis
ff85bf00f2,thamnophis-sirtalis
35dba4ac51,thamnophis-sirtalis
77cb900136,thamnophis-sirtalis
f29d659e71,thamnophis-sirtalis
e9bb397147,thamnophis-sirtalis
6f7f36069e,thamnophis-sirtalis
07989fe1c3,thamnophis-sirtalis
768a99b9e5,thamnophis-sirtalis
5512ed611d,thamnophis-sirtalis
b598056f93,thamnophis-sirtalis
8456d0ce23,thamnophis-sirtalis
f75b87d80d,thamnophis-sirtalis
d69f21de4e,thamnophis-sirtalis
27163ec202,crotalus-atrox
414c6c1e8c,thamnophis-sirtalis
d11bd5b048,thamnophis-sirtalis
99206af14b,thamnophis-sirtalis
d5cb6099b8,thamnophis-sirtalis
9f06ab71ae,thamnophis-sirtalis
ec7281cd7c,crotalus-atrox
c2e01b4390,thamnophis-sirtalis
6a3c1344c4,thamnophis-sirtalis
8aba528ea0,thamnophis-sirtalis
0136882c08,thamnophis-sirtalis
83bf58f0b1,crotalus-atrox
0557d01771,crotalus-atrox
97022292ea,storeria-dekayi
f6cc3d20e0,thamnophis-sirtalis
f45f8ee077,thamnophis-sirtalis
357c52b2f0,thamnophis-sirtalis
90c8498d65,thamnophis-sirtalis
aa3c457150,thamnophis-sirtalis
1ce0e88a44,thamnophis-sirtalis
e218ba88c9,thamnophis-sirtalis
57cec6689a,thamnophis-sirtalis
6a5112a54d,thamnophis-sirtalis
ac9117b886,thamnophis-sirtalis
2540a21720,thamnophis-sirtalis
dd169804df,thamnophis-sirtalis
c237e67115,thamnophis-sirtalis
fe298a3058,thamnophis-sirtalis
4cc3b7adf3,thamnophis-sirtalis
6b81c6a99c,crotalus-atrox
e2009dad0c,thamnophis-sirtalis
08765181d5,thamnophis-sirtalis
5e8c069be7,thamnophis-sirtalis
9339f7c45b,thamnophis-sirtalis
ab978ec9f5,thamnophis-sirtalis
0a308984b0,thamnophis-sirtalis
4b444a7450,thamnophis-sirtalis
e985579c1c,thamnophis-sirtalis
a67125bb01,thamnophis-sirtalis
2efa69a2f5,thamnophis-sirtalis
b8cc1ff52b,crotalus-atrox
5c2a00b326,thamnophis-sirtalis
88c9895e1d,thamnophis-sirtalis
85a138a2b1,thamnophis-sirtalis
031021f64c,thamnophis-sirtalis
afc6314ff1,thamnophis-sirtalis
2e6564e977,thamnophis-sirtalis
26492ca0f0,thamnophis-sirtalis
8830373ae9,thamnophis-sirtalis
c834e92d7b,thamnophis-sirtalis
1ae509bbff,thamnophis-sirtalis
1edb40263d,thamnophis-sirtalis
28ed4d6904,thamnophis-sirtalis
2597f7e76d,crotalus-atrox
3b7ab4e0d8,thamnophis-sirtalis
82b1d44782,storeria-dekayi
9000233532,thamnophis-sirtalis
a0da4b8579,thamnophis-sirtalis
7f8365af3d,thamnophis-sirtalis
f178404533,thamnophis-sirtalis
da99774679,thamnophis-sirtalis
635181b9d2,thamnophis-sirtalis
81176ee1c5,thamnophis-sirtalis
aae5d3dda7,thamnophis-sirtalis
7e52574588,thamnophis-sirtalis
33b4f8c6ee,thamnophis-sirtalis
929d07dc6c,thamnophis-sirtalis
6d39dfc724,thamnophis-sirtalis
2d6aff49e2,thamnophis-sirtalis
372bc68670,thamnophis-sirtalis
ec60c2ed8a,thamnophis-sirtalis
62d1292fff,thamnophis-sirtalis
a020682646,thamnophis-sirtalis
2006370aad,thamnophis-sirtalis
ccf697d8ee,thamnophis-sirtalis
482495a29c,thamnophis-sirtalis
ebee509f76,thamnophis-sirtalis
ec5bf8fc94,thamnophis-sirtalis
ff2bb74401,thamnophis-sirtalis
9687257d87,pantherophis-obsoletus
1672540ff2,thamnophis-sirtalis
40f8894ab0,thamnophis-sirtalis
eeeb364f80,thamnophis-sirtalis
17b6bccd26,thamnophis-sirtalis
6b5fdb070a,thamnophis-sirtalis
fb2fc7f287,thamnophis-sirtalis
bc238794f9,thamnophis-sirtalis
93447ffb77,thamnophis-sirtalis
c508eadaf2,thamnophis-sirtalis
cf457786fd,crotalus-atrox
4c47136817,thamnophis-sirtalis
f5215fb122,thamnophis-sirtalis
36f8a53278,pantherophis-obsoletus
da4b78e030,thamnophis-sirtalis
3857f94d7f,thamnophis-sirtalis
95aa99daf1,thamnophis-sirtalis
2f71e4dbc5,thamnophis-sirtalis
494fb17d3f,thamnophis-sirtalis
2783f6e72e,crotalus-atrox
0a1cb5c228,thamnophis-sirtalis
ee9f2b0478,thamnophis-sirtalis
ea7589812a,thamnophis-sirtalis
0bec79eaff,pantherophis-obsoletus
594372deba,thamnophis-sirtalis
b48d02b277,thamnophis-sirtalis
6143211fb1,thamnophis-sirtalis
9ccf3dc324,thamnophis-sirtalis
3ab63ae9ff,thamnophis-sirtalis
155a2f53cf,thamnophis-sirtalis
dfada263c6,thamnophis-sirtalis
4932b1089d,thamnophis-sirtalis
6d58bdcf39,thamnophis-sirtalis
734cb7f4b6,pituophis-catenifer
e1f9280372,thamnophis-sirtalis
86f3c1735d,thamnophis-sirtalis
07c9d2aa3b,thamnophis-sirtalis
7683989c81,crotalus-atrox
2890dcea84,thamnophis-sirtalis
ef9804663f,thamnophis-sirtalis
6af9df245c,thamnophis-sirtalis
f1c06381a3,thamnophis-sirtalis
2d28192243,thamnophis-sirtalis
9896a79a1d,thamnophis-sirtalis
9a9ae8f452,thamnophis-sirtalis
de6161fc29,thamnophis-sirtalis
2a74549a83,thamnophis-sirtalis
5dfc97da50,thamnophis-sirtalis
b79cdcde09,thamnophis-sirtalis
412b9deed5,thamnophis-sirtalis
827ade5a7b,thamnophis-sirtalis
018a9dc8d3,crotalus-atrox
98707250c7,crotalus-atrox
7c81f46daf,thamnophis-sirtalis
ae0e1c4a78,thamnophis-sirtalis
a2ff49924c,thamnophis-sirtalis
2c92388500,thamnophis-sirtalis
fb5ea6dd78,thamnophis-sirtalis
c795f9a09c,thamnophis-sirtalis
96964b08d8,thamnophis-sirtalis
82f95efa2b,thamnophis-sirtalis
b3937b0554,thamnophis-sirtalis
1b6152c43b,thamnophis-sirtalis
97a30ec6dd,thamnophis-sirtalis
dece1935ee,thamnophis-sirtalis
4653c6fd7c,crotalus-atrox
eca3e3a92b,thamnophis-sirtalis
96e30cfac5,thamnophis-sirtalis
d1f106e978,thamnophis-sirtalis
657db6cb59,thamnophis-sirtalis
31038dddc5,thamnophis-sirtalis
4511368f4f,thamnophis-sirtalis
4fca272540,thamnophis-sirtalis
961f8aa971,thamnophis-sirtalis
41e50ec9ca,crotalus-atrox
ad2a1a1ce2,thamnophis-sirtalis
92b9fd66a7,thamnophis-sirtalis
b2cb283e6a,thamnophis-sirtalis
a128fcabc1,thamnophis-sirtalis
01cdc5a346,thamnophis-sirtalis
6f6c719cd8,crotalus-atrox
7b073b871d,thamnophis-sirtalis
fb161a2da0,thamnophis-sirtalis
8639fe5b0f,thamnophis-sirtalis
6c514aa440,storeria-dekayi
4e410fc7b2,thamnophis-sirtalis
c447daa98a,thamnophis-sirtalis
33327a3289,thamnophis-sirtalis
0e00591aa0,thamnophis-sirtalis
c639c6450f,thamnophis-sirtalis
fd7f5407f9,thamnophis-sirtalis
30379927e5,thamnophis-sirtalis
faee0c2011,thamnophis-sirtalis
8a40ad504a,thamnophis-sirtalis
8b88fdf313,thamnophis-sirtalis
5f46d656ec,thamnophis-sirtalis
316bdbcb02,thamnophis-sirtalis
e72a84360b,thamnophis-sirtalis
b639c34385,thamnophis-sirtalis
37169c7bb0,thamnophis-sirtalis
3addd707c9,thamnophis-sirtalis
8cfc6dd3fc,thamnophis-sirtalis
a2bfde867b,thamnophis-sirtalis
22bddb0584,thamnophis-sirtalis
4190fde1f9,thamnophis-sirtalis
3d0d434f77,thamnophis-sirtalis
f01f1bf65f,thamnophis-sirtalis
5ac87d5d17,thamnophis-sirtalis
3e3c7d6a97,thamnophis-sirtalis
40b6a032cf,thamnophis-sirtalis
b68524273d,thamnophis-sirtalis
ab9310747f,thamnophis-sirtalis
cf0eb86b3b,thamnophis-sirtalis
e82ae7b777,thamnophis-sirtalis
0124071f58,thamnophis-sirtalis
37acecc0dd,thamnophis-sirtalis
23c8856939,thamnophis-sirtalis
40ae26e406,thamnophis-sirtalis
4af1ee7c2d,thamnophis-sirtalis
3fee6efbe8,thamnophis-sirtalis
2d29d24cdb,crotalus-atrox
0d39054a9c,thamnophis-sirtalis
25f552c213,thamnophis-sirtalis
9a9ff1f37e,thamnophis-sirtalis
9685d88cba,thamnophis-sirtalis
95f1a02753,thamnophis-sirtalis
c9cec706f3,thamnophis-sirtalis
d842503f72,thamnophis-sirtalis
3ae45feeeb,thamnophis-sirtalis
5179b57412,thamnophis-sirtalis
ff0d5db8c9,crotalus-atrox
c47ad4521c,thamnophis-sirtalis
4086ec30bf,thamnophis-sirtalis
fb500e597c,thamnophis-sirtalis
0fdca857ba,thamnophis-sirtalis
16e3dff323,thamnophis-sirtalis
70463ea3f3,thamnophis-sirtalis
9de805091c,thamnophis-sirtalis
3e2ba8887b,thamnophis-sirtalis
0a238c03e4,thamnophis-sirtalis
8c27c26f9f,thamnophis-sirtalis
447e96a831,thamnophis-sirtalis
4c173568d9,thamnophis-sirtalis
5948054f6e,thamnophis-sirtalis
cfb9943f32,thamnophis-sirtalis
0989b197e5,thamnophis-sirtalis
93d698c9bb,thamnophis-sirtalis
40ff71dcbb,thamnophis-sirtalis
ddb3ee4efc,thamnophis-sirtalis
94b92dedec,thamnophis-sirtalis
14da1fc791,thamnophis-sirtalis
e97587c12c,thamnophis-sirtalis
50e33fc24f,thamnophis-sirtalis
2d146d1f12,thamnophis-sirtalis
2e359108b2,crotalus-atrox
55a884982c,thamnophis-sirtalis
cc40d66bfb,thamnophis-sirtalis
a8f470944a,thamnophis-sirtalis
b83f491562,thamnophis-sirtalis
45cdae2a4e,thamnophis-sirtalis
2c92500ad7,thamnophis-sirtalis
380f7deecf,thamnophis-sirtalis
9059623576,crotalus-atrox
276c2680f9,crotalus-atrox
2fa9ef0310,thamnophis-sirtalis
d0c7913d75,crotalus-atrox
9ce405566f,thamnophis-sirtalis
c98b81ad8a,thamnophis-sirtalis
e3aa373714,thamnophis-sirtalis
1e4f536605,thamnophis-sirtalis
ec209ef519,thamnophis-sirtalis
582700d0c7,thamnophis-sirtalis
7727cb44a1,thamnophis-sirtalis
bc92129dc2,thamnophis-sirtalis
d92656ecc3,thamnophis-sirtalis
d76ff1ac44,thamnophis-sirtalis
3034db32e1,crotalus-atrox
35b6982636,thamnophis-sirtalis
1ac3b66cc3,thamnophis-sirtalis
36534fcac5,thamnophis-sirtalis
10b1acb0b6,thamnophis-sirtalis
54dcbb96e0,thamnophis-sirtalis
731da2fb12,storeria-dekayi
dce52386f5,thamnophis-sirtalis
18b89918ca,thamnophis-sirtalis
839899700a,thamnophis-sirtalis
84614e40b8,thamnophis-sirtalis
a7723f7ef4,thamnophis-sirtalis
1d8ea15457,thamnophis-sirtalis
a487c28099,thamnophis-sirtalis
7240b699f4,thamnophis-sirtalis
8a759fc288,thamnophis-sirtalis
13b138dcc4,thamnophis-sirtalis
f7be9664a7,thamnophis-sirtalis
641a4f65bc,thamnophis-sirtalis
bd4f7d349e,thamnophis-sirtalis
000e2d0a91,pituophis-catenifer
ce502ba8a0,thamnophis-sirtalis
97d93358ab,thamnophis-sirtalis
46f9560c99,thamnophis-sirtalis
5888a3e522,thamnophis-sirtalis
84d4a08b93,thamnophis-sirtalis
8293286f7c,thamnophis-sirtalis
4c01b5b8ba,thamnophis-sirtalis
13854590ea,thamnophis-sirtalis
1a019b53b3,thamnophis-sirtalis
7f2637a665,thamnophis-sirtalis
46d28d1bf2,thamnophis-sirtalis
ba4c35ebf2,thamnophis-sirtalis
c4476648be,thamnophis-sirtalis
0e8f2965b4,crotalus-atrox
e4bcba036b,thamnophis-sirtalis
dc6f3721ba,storeria-dekayi
e9b8444822,thamnophis-sirtalis
02eda2c865,thamnophis-sirtalis
32edd9e217,thamnophis-sirtalis
0a23c6dbed,thamnophis-sirtalis
0138d2cb1a,thamnophis-sirtalis
a265b17556,thamnophis-sirtalis
5360e19610,thamnophis-sirtalis
6929c425fd,thamnophis-sirtalis
d1006244a6,thamnophis-sirtalis
561e39734f,thamnophis-sirtalis
8f31a0a689,thamnophis-sirtalis
7012d40d2f,thamnophis-sirtalis
7a35c857bc,thamnophis-sirtalis
f77e1aa99f,thamnophis-sirtalis
75252599b9,storeria-dekayi
4af6d73d49,thamnophis-sirtalis
cd7d579dab,thamnophis-sirtalis
7b0ad73599,thamnophis-sirtalis
34b33a11fa,thamnophis-sirtalis
3170f538d1,thamnophis-sirtalis
8586ab31a9,thamnophis-sirtalis
08acf2e47d,thamnophis-sirtalis
b1286d3868,thamnophis-sirtalis
2d0f08fa36,thamnophis-sirtalis
a0b9ba917f,storeria-dekayi
f40abd0edf,thamnophis-sirtalis
3bd72284b8,thamnophis-sirtalis
8b5cd0f884,thamnophis-sirtalis
f8e59232c8,thamnophis-sirtalis
572c5c3520,thamnophis-sirtalis
957c00b573,thamnophis-sirtalis
93e591cb23,thamnophis-sirtalis
68a603b39d,thamnophis-sirtalis
4f472510f3,thamnophis-sirtalis
d6884444ae,thamnophis-sirtalis
c0fa7df5de,thamnophis-sirtalis
