image_id,breed
7ede553357,crotalus-scutulatus
3500b219e4,crotalus-scutulatus
d43a78d6d9,crotalus-scutulatus
1f36f26994,crotalus-scutulatus
8cb85fc58e,crotalus-scutulatus
7176bcfe9a,crotalus-scutulatus
27f2d0f582,crotalus-scutulatus
43eebba928,crotalus-scutulatus
180a56f143,crotalus-scutulatus
07fd20e8bd,crotalus-scutulatus
d6145eb8ef,crotalus-scutulatus
43cf88006f,crotalus-scutulatus
545094975f,crotalus-scutulatus
de232d35ce,crotalus-scutulatus
f49f11daf4,crotalus-scutulatus
be70c24805,crotalus-scutulatus
8a68c61789,crotalus-scutulatus
e4a0afbde5,crotalus-scutulatus
5d046e4a57,crotalus-scutulatus
9450d432f1,crotalus-scutulatus
24ae6b28c9,crotalus-scutulatus
bbbcf461fd,crotalus-scutulatus
25f864a129,crotalus-scutulatus
9d63e29dab,crotalus-scutulatus
560a7820ef,crotalus-scutulatus
261a672081,crotalus-scutulatus
e08cecfcc8,crotalus-scutulatus
dcbaefa9de,crotalus-scutulatus
4757eec719,crotalus-scutulatus
7a5772b7df,crotalus-scutulatus
756a3734d1,crotalus-scutulatus
bcb51ed4fd,crotalus-scutulatus
b28a9dbd17,crotalus-scutulatus
84496bd65b,crotalus-scutulatus
97254f0a1e,crotalus-scutulatus
738e860bf3,crotalus-scutulatus
5b04af2d08,crotalus-scutulatus
df1007a11e,crotalus-scutulatus
71e4a3726c,crotalus-scutulatus
9ec71badf5,crotalus-scutulatus
9aaf30ca4e,crotalus-scutulatus
502dbd30e8,crotalus-scutulatus
6a0948343e,crotalus-scutulatus
a9c94931b4,crotalus-scutulatus
94f8b871bc,crotalus-scutulatus
65be04e1a7,crotalus-scutulatus
553b5be83f,crotalus-scutulatus
f156e4b9ad,crotalus-scutulatus
c195a35480,crotalus-scutulatus
ba36d77d65,crotalus-scutulatus
ac60cb4c64,crotalus-scutulatus
e99babb9da,crotalus-scutulatus
3f79415b22,crotalus-scutulatus
07a7f4b8a2,crotalus-scutulatus
8713b35996,crotalus-scutulatus
8161aa3270,crotalus-scutulatus
c084141ebb,crotalus-scutulatus
3f264dfa93,crotalus-scutulatus
ac29145967,crotalus-scutulatus
14cc5c0b07,crotalus-scutulatus
0d53f3592b,crotalus-scutulatus
339702c73e,crotalus-scutulatus
d9282cfc2f,crotalus-scutulatus
7cbb3598a5,crotalus-scutulatus
7d23dd1a25,crotalus-scutulatus
302ae16a4f,crotalus-scutulatus
665ce5599e,crotalus-scutulatus
7fe9ccee38,crotalus-scutulatus
b4ee296fbe,crotalus-scutulatus
463302e361,crotalus-scutulatus
a18b060715,crotalus-scutulatus
72b767e027,crotalus-scutulatus
28c9bd4b10,crotalus-scutulatus
a8cf67b3cd,crotalus-scutulatus
dc0bd440c3,crotalus-scutulatus
1b558cc89f,crotalus-scutulatus
23a5181788,crotalus-scutulatus
17e5f4b5bf,crotalus-scutulatus
45708c6f17,crotalus-scutulatus
90e93122c1,crotalus-scutulatus
9aac958618,crotalus-scutulatus
23f9ca3329,crotalus-scutulatus
3702f63d72,crotalus-scutulatus
142b516abc,crotalus-scutulatus
db55095044,crotalus-scutulatus
2532449658,crotalus-scutulatus
521ce40402,crotalus-scutulatus
5bdb8079ed,crotalus-scutulatus
2b88eaac56,crotalus-scutulatus
f11e311c90,crotalus-scutulatus
75b79378c3,crotalus-scutulatus
8f457bca60,crotalus-scutulatus
4aae3ed36b,crotalus-scutulatus
7e85692fa2,crotalus-scutulatus
8557e64d0e,crotalus-scutulatus
f590310834,crotalus-scutulatus
6ce6de9def,crotalus-scutulatus
5e13f84aae,crotalus-scutulatus
3f595dc653,crotalus-scutulatus
28fc7c65cc,crotalus-scutulatus
2e6627723a,crotalus-scutulatus
759223778f,crotalus-scutulatus
68e08979eb,crotalus-scutulatus
b51b666b0a,crotalus-scutulatus
1134c2556d,crotalus-scutulatus
e10bcc9899,crotalus-scutulatus
4d84d06252,crotalus-scutulatus
71792ec7f9,crotalus-scutulatus
87fff43cf4,crotalus-scutulatus
d0d91b6a16,crotalus-scutulatus
b1606f2410,crotalus-scutulatus
f9a3564f88,crotalus-scutulatus
8bdccf2baf,crotalus-scutulatus
abbfa54027,crotalus-scutulatus
ca469b7a27,crotalus-scutulatus
95a51a0fcd,crotalus-scutulatus
8ef78ef2d3,crotalus-scutulatus
e21af6d4b9,crotalus-scutulatus
221b1ee2f1,crotalus-scutulatus
b2c3d5d9fb,crotalus-scutulatus
526c9eac74,crotalus-scutulatus
a38e41fd76,crotalus-scutulatus
b2ba21f052,crotalus-scutulatus
3b9b67ba03,crotalus-scutulatus
327b772827,crotalus-scutulatus
2afdb4999f,crotalus-scutulatus
0cbf1992d0,crotalus-scutulatus
c822ae5d01,crotalus-scutulatus
5405370c87,crotalus-scutulatus
092388daba,crotalus-scutulatus
99a3b654d0,crotalus-scutulatus
e0f8e741d4,crotalus-scutulatus
5d9cf27241,crotalus-scutulatus
632bed91e6,crotalus-scutulatus
83d7c726d0,crotalus-scutulatus
2555c7e7ce,crotalus-scutulatus
2b9180fb4f,crotalus-scutulatus
e211c36384,crotalus-scutulatus
06b96eed56,crotalus-scutulatus
d8fe032fe4,crotalus-scutulatus
366c0f8d42,crotalus-scutulatus
be80579760,crotalus-scutulatus
a4ff6226a3,crotalus-scutulatus
53da6f2a06,crotalus-scutulatus
509628b6d3,crotalus-scutulatus
75206b0c2d,crotalus-scutulatus
c3e988cbe7,crotalus-scutulatus
bf3224d5bb,crotalus-scutulatus
2d45d24990,crotalus-scutulatus
217a85c6a0,crotalus-scutulatus
f910b4dafd,crotalus-scutulatus
dbc89aa6fc,crotalus-scutulatus
e0c882d7b5,crotalus-scutulatus
bbd20396ee,crotalus-scutulatus
a9bd8d4550,crotalus-scutulatus
f9315c3d9d,crotalus-scutulatus
c53c61ff1d,crotalus-scutulatus
ae76c25b30,crotalus-scutulatus
0554b687c1,crotalus-scutulatus
8227ee21d5,crotalus-scutulatus
e63f970c24,crotalus-scutulatus
5a7a965d51,crotalus-scutulatus
6f885777ae,crotalus-scutulatus
c63d4c04d9,crotalus-scutulatus
d678d67897,crotalus-scutulatus
03d156d9ee,crotalus-scutulatus
39d5cf451b,crotalus-scutulatus
c8583aa3f1,crotalus-scutulatus
72fd0c7625,crotalus-scutulatus
89428de91a,crotalus-scutulatus
e3ad957f8f,crotalus-scutulatus
4b49ad90af,crotalus-scutulatus
e4ff7155e8,crotalus-scutulatus
eaa331f24e,crotalus-scutulatus
28edbbefda,crotalus-scutulatus
aa1015e3c8,crotalus-scutulatus
644033bba9,crotalus-scutulatus
c612cc9390,crotalus-scutulatus
6870b31b63,crotalus-scutulatus
b22d6d545d,crotalus-scutulatus
bf1adbeecc,crotalus-scutulatus
16e1861f42,crotalus-scutulatus
8e7302d0c7,crotalus-scutulatus
473b09a338,crotalus-scutulatus
80da1ca7fe,crotalus-scutulatus
c3e38fc290,crotalus-scutulatus
901a78b5f6,crotalus-scutulatus
250946e33d,crotalus-scutulatus
71bb3b775f,crotalus-scutulatus
58e653c556,crotalus-scutulatus
ff0d70fb78,crotalus-scutulatus
bbbaf02d7b,crotalus-scutulatus
a8729cbe08,crotalus-scutulatus
e754670fa9,crotalus-scutulatus
d51800edfc,crotalus-scutulatus
54705e5068,crotalus-scutulatus
2d26350d5f,crotalus-scutulatus
65ea1d3d84,crotalus-scutulatus
fc2019398b,crotalus-scutulatus
76bc77c3be,crotalus-scutulatus
ae5258ea04,crotalus-scutulatus
8d8734a395,crotalus-scutulatus
a6ac17e3d8,crotalus-scutulatus
2ca8252168,crotalus-scutulatus
d81bbe11bb,crotalus-scutulatus
fb1ea63ee1,crotalus-scutulatus
d7b6ef28af,crotalus-scutulatus
fe015ee591,crotalus-scutulatus
e4f9ad2007,crotalus-scutulatus
26758bec6d,crotalus-scutulatus
23dd09c2b6,crotalus-scutulatus
7c34e2cdec,crotalus-scutulatus
6ec294cf12,crotalus-scutulatus
36d521dbd5,crotalus-scutulatus
9a6e35d716,crotalus-scutulatus
8bbc299a40,crotalus-scutulatus
fd5e259ea8,crotalus-scutulatus
db292dcc3b,crotalus-scutulatus
f481c83182,crotalus-scutulatus
4245d68d46,crotalus-scutulatus
59e640bb91,crotalus-scutulatus
36c233f563,crotalus-scutulatus
bc3799b2df,crotalus-scutulatus
9e937f940b,crotalus-scutulatus
9a7b588cb9,crotalus-scutulatus
7ff5570d2f,crotalus-scutulatus
087903f361,crotalus-scutulatus
6e66f9667f,crotalus-scutulatus
60dd49f8d4,crotalus-scutulatus
7064757509,crotalus-scutulatus
baa3f02141,crotalus-scutulatus
7dce396ff5,crotalus-scutulatus
30a99aee44,crotalus-scutulatus
665b29ab42,crotalus-scutulatus
a443ddb908,crotalus-scutulatus
ac95eb1818,crotalus-scutulatus
05a6798995,crotalus-scutulatus
0241586560,crotalus-scutulatus
ff45fac73c,crotalus-scutulatus
013c73ee17,crotalus-scutulatus
b93e2f9f5b,crotalus-scutulatus
2b1413378c,crotalus-scutulatus
9cb08cd05a,crotalus-scutulatus
13aa42a7e4,crotalus-scutulatus
641e266e15,crotalus-scutulatus
7b5344ccfd,crotalus-scutulatus
13cfe36156,crotalus-scutulatus
e3638b66ab,crotalus-scutulatus
0f5042aa5a,crotalus-scutulatus
79783161b7,crotalus-scutulatus
195c38795c,crotalus-scutulatus
0290d68533,crotalus-scutulatus
2a2b711e1e,crotalus-scutulatus
51622421a7,crotalus-scutulatus
9f4c9e5d29,crotalus-scutulatus
55cf94ef25,crotalus-scutulatus
8e3a442218,crotalus-scutulatus
a5bd623c6a,crotalus-scutulatus
192dd2d4b7,crotalus-scutulatus
5b3791c4e4,crotalus-scutulatus
4f3bb6e01a,crotalus-scutulatus
9316eb7237,crotalus-scutulatus
aa16a509cf,crotalus-scutulatus
ad68959f68,crotalus-scutulatus
072f7c5df5,crotalus-scutulatus
e6fe591e18,crotalus-scutulatus
eed4cc6dda,crotalus-scutulatus
6335735a8a,crotalus-scutulatus
40fb202092,crotalus-scutulatus
8d34d1a83e,crotalus-scutulatus
5d58cc2fb1,crotalus-scutulatus
e073226ee2,crotalus-scutulatus
630628b60b,crotalus-scutulatus
c074d2a3c3,crotalus-scutulatus
2c03979041,crotalus-scutulatus
237efd22ef,crotalus-scutulatus
5a23092d94,crotalus-scutulatus
cebc8a3140,crotalus-scutulatus
ddbb02224a,crotalus-scutulatus
785ba4871f,crotalus-scutulatus
d19b66d326,crotalus-scutulatus
f9b0800cb8,crotalus-scutulatus
2f065830d7,crotalus-scutulatus
b9893aa41a,crotalus-scutulatus
2c442a09ed,crotalus-scutulatus
ea100d15e2,crotalus-scutulatus
9363d2c4be,crotalus-scutulatus
dd0dc5ba1a,crotalus-scutulatus
86b438d651,crotalus-scutulatus
a7596b0dda,crotalus-scutulatus
c0a9301d14,crotalus-scutulatus
59d4a652fa,crotalus-scutulatus
9266faaacf,crotalus-scutulatus
5c6713d750,crotalus-scutulatus
4a7b39ccff,crotalus-scutulatus
c91233cf4f,crotalus-scutulatus
316d089f08,crotalus-scutulatus
63bb9ed8c2,crotalus-scutulatus
8ec81d1cab,crotalus-scutulatus
0bef464da6,crotalus-scutulatus
e3497219ae,crotalus-scutulatus
259af44b24,crotalus-scutulatus
c52f2693cf,crotalus-scutulatus
18f5184f2e,crotalus-scutulatus
728f07bb97,crotalus-scutulatus
fba22fecef,crotalus-scutulatus
fdbcf4aa99,crotalus-scutulatus
f8d202075f,crotalus-scutulatus
369a02e471,crotalus-scutulatus
3e2cadfaa9,crotalus-scutulatus
0a59465b78,crotalus-scutulatus
5717af5063,crotalus-scutulatus
5a5ed0a9f9,crotalus-scutulatus
503bd5a793,crotalus-scutulatus
861b144528,crotalus-scutulatus
2c1c60baac,crotalus-scutulatus
f583cab812,crotalus-scutulatus
98e28ee840,crotalus-scutulatus
e981adefe8,crotalus-scutulatus
847dcb005c,crotalus-scutulatus
2bdd1204df,crotalus-scutulatus
436a5443a6,crotalus-scutulatus
b474fba6f6,crotalus-scutulatus
4a52d81d06,crotalus-scutulatus
e04df53f33,crotalus-scutulatus
6e0bc47bff,crotalus-scutulatus
00a9bba384,crotalus-scutulatus
c34e07aea2,crotalus-scutulatus
ddb3fdca4e,crotalus-scutulatus
772912b335,crotalus-scutulatus
d2d8c969f4,crotalus-scutulatus
05c0503e80,crotalus-scutulatus
0a2842082d,crotalus-scutulatus
f63ccbe5e4,crotalus-scutulatus
7c71df0f36,crotalus-scutulatus
b812b08083,crotalus-scutulatus
aa46c84394,crotalus-scutulatus
172ea701fa,crotalus-scutulatus
4da6e0c4b1,crotalus-scutulatus
2680cb138a,crotalus-scutulatus
042411e752,crotalus-scutulatus
3a90a92e92,crotalus-scutulatus
194d8bc5a0,crotalus-scutulatus
1ac35b5307,crotalus-scutulatus
bd26891431,crotalus-scutulatus
9bcdad786e,crotalus-scutulatus
3fbfac0bbb,crotalus-scutulatus
d9f6166852,crotalus-scutulatus
c27414795d,crotalus-scutulatus
031d5fd2dd,crotalus-scutulatus
b359100fa4,crotalus-scutulatus
999b3783d7,crotalus-scutulatus
959cdb0f88,crotalus-scutulatus
8fa0dcc6df,crotalus-scutulatus
8ea058e917,crotalus-scutulatus
ae46441c69,crotalus-scutulatus
b08c38c7f7,crotalus-scutulatus
328d66a6d0,crotalus-scutulatus
5ac5adfab9,crotalus-scutulatus
593c3b2407,crotalus-scutulatus
5d701c6be6,crotalus-scutulatus
b6bcd1799a,crotalus-scutulatus
b3494fd089,crotalus-scutulatus
0448002637,crotalus-scutulatus
fff8bffdb0,crotalus-scutulatus
0cbc0f68b6,crotalus-scutulatus
0debda08e0,crotalus-scutulatus
d0283c614b,crotalus-scutulatus
2dbe75a840,crotalus-scutulatus
6d998bc9af,crotalus-scutulatus
3ff941e398,crotalus-scutulatus
a9410566e4,crotalus-scutulatus
358af00cdd,crotalus-scutulatus
e4ab7ba2ab,crotalus-scutulatus
b07f81508c,crotalus-scutulatus
3b1799fe42,crotalus-scutulatus
3d6339ea74,crotalus-scutulatus
2163674737,crotalus-scutulatus
d99ab56103,crotalus-scutulatus
54ba70e3cc,crotalus-scutulatus
545ed78e38,crotalus-scutulatus
e7d07009df,crotalus-scutulatus
f6ec7eba7b,crotalus-scutulatus
64c3ac5ad0,crotalus-scutulatus
b72ce0175f,crotalus-scutulatus
b894d764f5,crotalus-scutulatus
cf5d7c4e17,crotalus-scutulatus
58663371a3,crotalus-scutulatus
81bf550daa,crotalus-scutulatus
37f5ad479e,crotalus-scutulatus
3c8edae2a4,crotalus-scutulatus
4cb468d415,crotalus-scutulatus
92e04ca324,crotalus-scutulatus
11373da95a,crotalus-scutulatus
6a3bcbcf4a,crotalus-scutulatus
a5f24a2ecc,crotalus-scutulatus
1edabbc312,crotalus-scutulatus
96aee5ec60,crotalus-scutulatus
4598203b0a,crotalus-scutulatus
6bd8b7a823,crotalus-scutulatus
54f91fbb3a,crotalus-scutulatus
b9d8bbfa03,crotalus-scutulatus
72f1ff130d,crotalus-scutulatus
2eccd64667,crotalus-scutulatus
2546d11351,crotalus-scutulatus
b09f1d031b,crotalus-scutulatus
bd5a29330a,crotalus-scutulatus
4451e8bf97,crotalus-scutulatus
86a4573103,crotalus-scutulatus
da7212161e,crotalus-scutulatus
aa1da0bc83,crotalus-scutulatus
6e802f864c,crotalus-scutulatus
8eaa4e8d18,crotalus-scutulatus
ffa547380d,crotalus-scutulatus
776bf9c3e7,crotalus-scutulatus
f6058731c7,crotalus-scutulatus
3137a9d8f4,crotalus-scutulatus
c5eda48da7,crotalus-scutulatus
23e13b5ba3,crotalus-scutulatus
c264755582,crotalus-scutulatus
958f27ae53,crotalus-scutulatus
f1ce7a658c,crotalus-scutulatus
897932c055,crotalus-scutulatus
a17470a422,crotalus-scutulatus
f756da9b22,crotalus-scutulatus
83f99d01b7,crotalus-scutulatus
1c097f3bb5,crotalus-scutulatus
638716b738,crotalus-scutulatus
74772031c5,crotalus-scutulatus
94f3aa78e0,crotalus-scutulatus
c0f734db4f,crotalus-scutulatus
4f9c43f59c,crotalus-scutulatus
1b32d18277,crotalus-scutulatus
2145486df9,crotalus-scutulatus
9e779ef62b,crotalus-scutulatus
caa85de8a4,crotalus-scutulatus
dab850c45f,crotalus-scutulatus
326a993691,crotalus-scutulatus
1a313e58c0,crotalus-scutulatus
eacde65a87,crotalus-scutulatus
16ef599310,crotalus-scutulatus
a1a1d8f4d3,crotalus-scutulatus
b66574f0cb,crotalus-scutulatus
dadd875c98,crotalus-scutulatus
35f3e07f8a,crotalus-scutulatus
35b25084a8,crotalus-scutulatus
5be6313607,crotalus-scutulatus
5e4b3549cb,crotalus-scutulatus
14af77c260,crotalus-scutulatus
a3ffe15ad1,crotalus-scutulatus
fcf5b7e439,crotalus-scutulatus
510f5e1945,crotalus-scutulatus
99d309ee88,crotalus-scutulatus
c5ba6d87e2,crotalus-scutulatus
0a00cdd2b8,crotalus-scutulatus
9e10b0843c,crotalus-scutulatus
9818345fa3,crotalus-scutulatus
424b8caccf,crotalus-scutulatus
291cd9c481,crotalus-scutulatus
0c02a2f5d7,crotalus-scutulatus
3393c3a6eb,crotalus-scutulatus
18e8e49c6a,crotalus-scutulatus
45245a5e5a,crotalus-scutulatus
13696d31fb,crotalus-scutulatus
41e720d7de,crotalus-scutulatus
40303088fa,crotalus-scutulatus
67d1d73480,crotalus-scutulatus
4e3e773484,crotalus-scutulatus
7517bb0623,crotalus-scutulatus
559133de50,crotalus-scutulatus
9ae22849c1,crotalus-scutulatus
c5ff38ff68,crotalus-scutulatus
71e572d33f,crotalus-scutulatus
332e5c6785,crotalus-scutulatus
6003bbcbf9,crotalus-scutulatus
5c17e68b40,crotalus-scutulatus
bad9a60677,crotalus-scutulatus
209b809200,crotalus-scutulatus
f2b9362dd4,crotalus-scutulatus
8de60975b5,crotalus-scutulatus
8add8bfac9,crotalus-scutulatus
0d5c403d38,crotalus-scutulatus
d483f5a5ce,crotalus-scutulatus
7836689238,crotalus-scutulatus
724a385d2e,crotalus-scutulatus
64e02bed8b,crotalus-scutulatus
3133cffd8c,crotalus-scutulatus
ebd7ad9677,crotalus-scutulatus
fe50e904ff,crotalus-scutulatus
7f4df9bad8,crotalus-scutulatus
b083b3bdfc,crotalus-scutulatus
5ac813acff,crotalus-scutulatus
35084d1574,crotalus-scutulatus
9bbb1238dd,crotalus-scutulatus
54da60ecca,crotalus-scutulatus
8139d8a08f,crotalus-scutulatus
cf4b998e06,crotalus-scutulatus
50ff72a201,crotalus-scutulatus
a0969f71a4,crotalus-scutulatus
64b71700c0,crotalus-scutulatus
420c648f8f,crotalus-scutulatus
b48998dacd,crotalus-scutulatus
d6ce6db8ac,crotalus-scutulatus
f359a3a1cb,crotalus-scutulatus
3e27aded25,crotalus-scutulatus
9baf0c175d,crotalus-scutulatus
60cd847169,crotalus-scutulatus
8cc2b43e73,crotalus-scutulatus
e635e0301a,crotalus-scutulatus
53ad81ecbf,crotalus-scutulatus
bd77bff983,crotalus-scutulatus
e4b948cde5,crotalus-scutulatus
7a85d0a38f,crotalus-scutulatus
6e104122dd,crotalus-scutulatus
0bd440f886,crotalus-scutulatus
cfe48a6766,crotalus-scutulatus
dea4ad3c5c,crotalus-scutulatus
a70db3f4e2,crotalus-scutulatus
73801d11da,crotalus-scutulatus
91b9c66b6c,crotalus-scutulatus
7fa218f587,crotalus-scutulatus
89aac8751e,crotalus-scutulatus
ccd99e20ab,crotalus-scutulatus
3d4e749f5c,crotalus-scutulatus
d981710b5c,crotalus-scutulatus
52eec0f3fb,crotalus-scutulatus
7b01622a45,crotalus-scutulatus
d8f3e2543c,crotalus-scutulatus
3da58beca1,crotalus-scutulatus
27cc745b4e,crotalus-scutulatus
19e640cfea,crotalus-scutulatus
e97ad14aa0,crotalus-scutulatus
fee6ac0981,crotalus-scutulatus
7688910bf6,crotalus-scutulatus
e207f9f8e1,crotalus-scutulatus
38cfa09840,crotalus-scutulatus
e8c28b1fa8,crotalus-scutulatus
14b9eb3c99,crotalus-scutulatus
90b9422778,crotalus-scutulatus
55c6c72734,crotalus-scutulatus
1b74b10f63,crotalus-scutulatus
dbe94ca39f,crotalus-scutulatus
2467f2a466,crotalus-scutulatus
87c3cc64a9,crotalus-scutulatus
f4f5dd040b,crotalus-scutulatus
f32d83944c,crotalus-scutulatus
de0c5e9a87,crotalus-scutulatus
aff4a2c922,crotalus-scutulatus
f96291b278,crotalus-scutulatus
c64eb91ae4,crotalus-scutulatus
2ae2c1199a,crotalus-scutulatus
c032ab6ee3,crotalus-scutulatus
33e62ea503,crotalus-scutulatus
4d5e7f22ae,crotalus-scutulatus
daa2966222,crotalus-scutulatus
a5234ec3be,crotalus-scutulatus
80eead3616,crotalus-scutulatus
ade437840f,crotalus-scutulatus
2db8ff4d4f,crotalus-scutulatus
b3b1353fab,crotalus-scutulatus
c449df8761,crotalus-scutulatus
59979fbad2,crotalus-scutulatus
f4698088c6,crotalus-scutulatus
532b83a570,crotalus-scutulatus
0e287bd3a4,crotalus-scutulatus
62a0846a7f,crotalus-scutulatus
3fc4c2a5e1,crotalus-scutulatus
4d2299d5dc,crotalus-scutulatus
416b4750da,crotalus-scutulatus
dfee6504e3,crotalus-scutulatus
bba431d5d4,crotalus-scutulatus
d50e9b77ce,crotalus-scutulatus
423c84462d,crotalus-scutulatus
d8854a4d6f,crotalus-scutulatus
06bfe160bc,crotalus-scutulatus
b53265ae30,crotalus-scutulatus
4f7b14d1e9,crotalus-scutulatus
b0e5cdcf65,crotalus-scutulatus
3d90e98161,crotalus-scutulatus
385387e75a,crotalus-scutulatus
a016fbf111,crotalus-scutulatus
79d92b5155,crotalus-scutulatus
e8556cf2b3,crotalus-scutulatus
b68aec61a9,crotalus-scutulatus
6245275771,crotalus-scutulatus
9af6f4bbb1,crotalus-scutulatus
e2839b926b,crotalus-scutulatus
8d2f2c54a1,crotalus-scutulatus
1e8f52cf8e,crotalus-scutulatus
c2bfddaefb,crotalus-scutulatus
fcac77e8e3,crotalus-scutulatus
a6eefff8e9,crotalus-scutulatus
48be242050,crotalus-scutulatus
e849f57aaa,crotalus-scutulatus
75053513e4,crotalus-scutulatus
0b6092dd9f,crotalus-scutulatus
f10dbb60ad,crotalus-scutulatus
6fd275d6f8,crotalus-scutulatus
7b110332b2,crotalus-scutulatus
02b5ce8a0d,crotalus-scutulatus
e286457476,crotalus-scutulatus
2fd9e2eee6,crotalus-scutulatus
b79eb2b0fb,crotalus-scutulatus
f5315a5875,crotalus-scutulatus
db4493bb17,crotalus-scutulatus
4ebadc4b4b,crotalus-scutulatus
c98bc697c6,crotalus-scutulatus
e3c6ba694a,crotalus-scutulatus
783481beb0,crotalus-scutulatus
f29333e380,crotalus-scutulatus
c3fb1dacc1,crotalus-scutulatus
5b15bac5c2,crotalus-scutulatus
cd0721eb2a,crotalus-scutulatus
1e2ae139b7,crotalus-scutulatus
79553e62b3,crotalus-scutulatus
cdbedb45cd,crotalus-scutulatus
ee52483077,crotalus-scutulatus
1fac89750a,crotalus-scutulatus
86a2ca0b18,crotalus-scutulatus
d3a5b62b1f,crotalus-scutulatus
5276b71b91,crotalus-scutulatus
eff565b0e9,crotalus-scutulatus
a0853d1197,crotalus-scutulatus
38782ebfe4,crotalus-scutulatus
a16e3dec1e,crotalus-scutulatus
223cc7e8a6,crotalus-scutulatus
fed1568a6c,crotalus-scutulatus
f2f891850d,crotalus-scutulatus
22580dc310,crotalus-scutulatus
4b2040859d,crotalus-scutulatus
c40f2cf547,crotalus-scutulatus
8a1f773d30,crotalus-scutulatus
26e77de0d3,crotalus-scutulatus
3898d993ce,crotalus-scutulatus
4c48326692,crotalus-scutulatus
639ea18f23,crotalus-scutulatus
6447cbdb15,crotalus-scutulatus
2fab3b74e1,crotalus-scutulatus
70d03492db,crotalus-scutulatus
df50ba8c91,crotalus-scutulatus
e68457fe19,crotalus-scutulatus
b4ad055b21,crotalus-scutulatus
f10e985810,crotalus-scutulatus
ee41d19ab2,crotalus-scutulatus
5af19d853b,crotalus-scutulatus
e3e76a3d9c,crotalus-scutulatus
59bcc84d9c,crotalus-scutulatus
49cd434b18,crotalus-scutulatus
ce31772330,crotalus-scutulatus
08e0a784b9,crotalus-scutulatus
b38fb09f8b,crotalus-scutulatus
1025e29ab7,crotalus-scutulatus
98e71c5873,crotalus-scutulatus
ec7956ab61,crotalus-scutulatus
8221410682,crotalus-scutulatus
51ee9e04f0,crotalus-scutulatus
96d75bfe8f,crotalus-scutulatus
8601628d1f,crotalus-scutulatus
3dfa5ad947,crotalus-scutulatus
affc413c04,crotalus-scutulatus
8d0378446f,crotalus-scutulatus
d4575182a3,crotalus-scutulatus
64b48406af,crotalus-scutulatus
371a621202,crotalus-scutulatus
aef6cdef7f,crotalus-scutulatus
5767b7291d,crotalus-scutulatus
bce7024134,crotalus-scutulatus
1e8ba66e6d,crotalus-scutulatus
1cca4dde7e,crotalus-scutulatus
0497ecfd64,crotalus-scutulatus
80cd47b8be,crotalus-scutulatus
48470bf29b,crotalus-scutulatus
21c06dfcf8,crotalus-scutulatus
a0bce2082d,crotalus-scutulatus
a14372c89f,crotalus-scutulatus
1a7e4bd4c6,crotalus-scutulatus
77b61563ed,crotalus-scutulatus
bbbcedc4c0,crotalus-scutulatus
baba9a2a38,crotalus-scutulatus
6fd6c6ccf6,crotalus-scutulatus
1cef56fb1e,crotalus-scutulatus
5f6f35c987,crotalus-scutulatus
d1eb8d51ae,crotalus-scutulatus
4617ca078b,crotalus-scutulatus
77b4a4a25c,crotalus-scutulatus
c2955c5d83,crotalus-scutulatus
67d5a9efbe,crotalus-scutulatus
0fe9a54c20,crotalus-scutulatus
5b30be5fe9,crotalus-scutulatus
6469909eb8,crotalus-scutulatus
b81a1b1d90,crotalus-scutulatus
e2363c1554,crotalus-scutulatus
0cff3cb843,crotalus-scutulatus
1b340371e5,crotalus-scutulatus
00e8ba3531,crotalus-scutulatus
dee1e6d310,crotalus-scutulatus
e264f04ce9,crotalus-scutulatus
ddd56ba0c0,crotalus-scutulatus
c1cbf83f28,crotalus-scutulatus
13275759e4,crotalus-scutulatus
d37b0ef11f,crotalus-scutulatus
898d62255d,crotalus-scutulatus
f9bbc7153a,crotalus-scutulatus
f8ac5953cb,crotalus-scutulatus
ad9921a2aa,crotalus-scutulatus
a5f85aab22,crotalus-scutulatus
c6234d79bb,crotalus-scutulatus
771f6f3fe6,crotalus-scutulatus
688b29b043,crotalus-scutulatus
19ccba64b3,crotalus-scutulatus
72115baab1,crotalus-scutulatus
6becc6093d,crotalus-scutulatus
7855bae864,crotalus-scutulatus
d50acbddb2,crotalus-scutulatus
83899a6b49,crotalus-scutulatus
11e97175b8,crotalus-scutulatus
5980c7a6f7,crotalus-scutulatus
2d61b82de7,crotalus-scutulatus
1f90c834c5,crotalus-scutulatus
e0474c1be9,crotalus-scutulatus
96dbc2f29b,crotalus-scutulatus
d1b7d9ba22,crotalus-scutulatus
fd2f1d3113,crotalus-scutulatus
928460dde9,crotalus-scutulatus
d63c0e9fdc,crotalus-scutulatus
78ed1037b8,crotalus-scutulatus
b3fe7d062c,crotalus-scutulatus
9315549d3a,crotalus-scutulatus
c3bd25298d,crotalus-scutulatus
8f92043d8f,crotalus-scutulatus
9069355571,crotalus-scutulatus
a1e486d349,crotalus-scutulatus
bbaf558ecf,crotalus-scutulatus
516de4c918,crotalus-scutulatus
3a8c8aa252,crotalus-scutulatus
44aa210a3e,crotalus-scutulatus
64553a6913,crotalus-scutulatus
e90ba4331c,crotalus-scutulatus
11649cec48,crotalus-scutulatus
c3444151d5,crotalus-scutulatus
37ee5eb735,crotalus-scutulatus
3f36710eb6,crotalus-scutulatus
624b2cc236,crotalus-scutulatus
0c9a05356b,crotalus-scutulatus
aa4b3d2785,crotalus-scutulatus
8a43339a29,crotalus-scutulatus
a11bf6e766,crotalus-scutulatus
3d1b0e14ff,crotalus-scutulatus
a698472a57,crotalus-scutulatus
3e733e66de,crotalus-scutulatus
7a374981e5,crotalus-scutulatus
45bd4f73b1,crotalus-scutulatus
e17bb727be,crotalus-scutulatus
c79bcf2098,crotalus-scutulatus
1f6403d491,crotalus-scutulatus
93ad7fe563,crotalus-scutulatus
47e8f1b843,crotalus-scutulatus
c5c1619dee,crotalus-scutulatus
ee52b1c3e4,crotalus-scutulatus
bdfce30128,crotalus-scutulatus
bcfa129e05,crotalus-scutulatus
c3007e0e16,crotalus-scutulatus
e3e8505f6f,crotalus-scutulatus
60c5ab7fe1,crotalus-scutulatus
af58bb743b,crotalus-scutulatus
eab49156d7,crotalus-scutulatus
847a278c9a,crotalus-scutulatus
22b4344fa1,crotalus-scutulatus
0297424cbd,crotalus-scutulatus
e9aac999b1,crotalus-scutulatus
45df9e533a,crotalus-scutulatus
ac57aad226,crotalus-scutulatus
79b4ba46ed,crotalus-scutulatus
890c0055e6,crotalus-scutulatus
b83e0a56e3,crotalus-scutulatus
ca0e73a30b,crotalus-scutulatus
5feb234354,crotalus-scutulatus
7f8f6794e6,crotalus-scutulatus
a4c523e2b2,crotalus-scutulatus
817e074b35,crotalus-scutulatus
7019567057,crotalus-scutulatus
6fecaaf9f8,crotalus-scutulatus
1bac862621,crotalus-scutulatus
ad72ea0194,crotalus-scutulatus
58cd93d84d,crotalus-scutulatus
797bf37edf,crotalus-scutulatus
6c1f740183,crotalus-scutulatus
22ee9b9874,crotalus-scutulatus
586ba03c24,crotalus-scutulatus
fec707022c,crotalus-scutulatus
eab43ca7a3,crotalus-scutulatus
311d69ffb9,crotalus-scutulatus
a45609e2f1,crotalus-scutulatus
2b9e221d99,crotalus-scutulatus
f8b43d780b,crotalus-scutulatus
b982fadd00,crotalus-scutulatus
59cff921b2,crotalus-scutulatus
3f304c3d86,crotalus-scutulatus
d6f1eb568f,crotalus-scutulatus
0f1924cf80,crotalus-scutulatus
f5b2a347ff,crotalus-scutulatus
dd818fb360,crotalus-scutulatus
e8fe7df5ad,crotalus-scutulatus
cf79767545,crotalus-scutulatus
6f4a0cf636,crotalus-scutulatus
7cb6fcbad3,crotalus-scutulatus
9a07607611,crotalus-scutulatus
3f63e4612d,crotalus-scutulatus
e5e4aeeaf7,crotalus-scutulatus
a3c79fb490,crotalus-scutulatus
16fbebdc1f,crotalus-scutulatus
274e3979b2,crotalus-scutulatus
99e9171fcb,crotalus-scutulatus
0f0969f7d7,crotalus-scutulatus
da7acc2a0f,crotalus-scutulatus
c685ea9df1,crotalus-scutulatus
6fa95b4e8d,crotalus-scutulatus
8ce3cee642,crotalus-scutulatus
86915f6c43,crotalus-scutulatus
282ce15a59,crotalus-scutulatus
21b66186b7,crotalus-scutulatus
7f9dafc904,crotalus-scutulatus
cfcbf6740c,crotalus-scutulatus
7391e1f35e,crotalus-scutulatus
ac42c482a2,crotalus-scutulatus
d400216179,crotalus-scutulatus
18a1ebef0e,crotalus-scutulatus
32fee7fe2c,crotalus-scutulatus
bac648289c,crotalus-scutulatus
6a6723f2d9,crotalus-scutulatus
e81112e8d1,crotalus-scutulatus
481f91feb4,crotalus-scutulatus
d5636c22bd,crotalus-scutulatus
25bc9f384d,crotalus-scutulatus
eaa7edf8dc,crotalus-scutulatus
fdb05268b8,crotalus-scutulatus
e7cf15f7c1,crotalus-scutulatus
3619f16494,crotalus-scutulatus
7a27082f24,crotalus-scutulatus
8d98278446,crotalus-scutulatus
b9d53ffd45,crotalus-scutulatus
5d6b176f01,crotalus-scutulatus
e97ba49b46,crotalus-scutulatus
1e04c22e2f,crotalus-scutulatus
790aa417c2,crotalus-scutulatus
b58213e015,crotalus-scutulatus
042c0fc943,crotalus-scutulatus
47f515dbdc,crotalus-scutulatus
84298633ca,crotalus-scutulatus
e5a6f90969,crotalus-scutulatus
93c3acd68a,crotalus-scutulatus
7cd411e836,crotalus-scutulatus
78398b7b6c,crotalus-scutulatus
59e07d0848,crotalus-scutulatus
75b98c6e29,crotalus-scutulatus
b681aee40c,crotalus-scutulatus
ac8fcab5ba,crotalus-scutulatus
c68656ee58,crotalus-scutulatus
a1ae1155b3,crotalus-scutulatus
c685e04441,crotalus-scutulatus
b24743c49c,crotalus-scutulatus
798c090b10,crotalus-scutulatus
ea135d3a89,crotalus-scutulatus
c06284e0af,crotalus-scutulatus
fe4b15022b,crotalus-scutulatus
fbb94e594c,crotalus-scutulatus
5f7a87f204,crotalus-scutulatus
ed8e92ecf1,crotalus-scutulatus
9885c6266a,crotalus-scutulatus
02a78ae220,crotalus-scutulatus
7b7117f0c1,crotalus-scutulatus
70355e73f8,crotalus-scutulatus
2fc72ef3f4,crotalus-scutulatus
5d3e048c96,crotalus-scutulatus
25623b3ce6,crotalus-scutulatus
083e3b50fd,crotalus-scutulatus
0f6b88fcfc,crotalus-scutulatus
91370ed279,crotalus-scutulatus
7245fe93b9,crotalus-scutulatus
9cb7c4fd24,crotalus-scutulatus
7de50b5bdc,crotalus-scutulatus
53a5a161de,crotalus-scutulatus
59fe71d682,crotalus-scutulatus
a8d2967840,crotalus-scutulatus
3355a69bda,crotalus-scutulatus
5dbde45405,crotalus-scutulatus
47e66422c8,crotalus-scutulatus
adaa93af64,crotalus-scutulatus
4fadd04098,crotalus-scutulatus
1be8871524,crotalus-scutulatus
ab0cd50587,crotalus-scutulatus
9b755092e4,crotalus-scutulatus
1e998306c0,crotalus-scutulatus
07f075d594,crotalus-scutulatus
3d35b26c1a,crotalus-scutulatus
071901eca8,crotalus-scutulatus
022d71aae9,crotalus-scutulatus
4e8049b6d0,crotalus-scutulatus
f354b8dfe7,crotalus-scutulatus
f3a74d6ee0,crotalus-scutulatus
2289e09d6a,crotalus-scutulatus
70483cb8ea,crotalus-scutulatus
4d53b5cb4d,crotalus-scutulatus
e50bb5978a,crotalus-scutulatus
48e9e8aff8,crotalus-scutulatus
213acb4781,crotalus-scutulatus
e93cd41190,crotalus-scutulatus
7ca16d8c1b,crotalus-scutulatus
b7fe892e44,crotalus-scutulatus
374615f6fb,crotalus-scutulatus
5126df2646,crotalus-scutulatus
1104584d38,crotalus-scutulatus
dff6304429,crotalus-scutulatus
0c2849a26e,crotalus-scutulatus
9d4ce5b72f,crotalus-scutulatus
a141a881e2,crotalus-scutulatus
33346242e2,crotalus-scutulatus
0d20d1c1a2,crotalus-scutulatus
731a90d84c,crotalus-scutulatus
5e4c1c7cc2,crotalus-scutulatus
9db0bdd59d,crotalus-scutulatus
253843f209,crotalus-scutulatus
e60709d049,crotalus-scutulatus
054a536789,crotalus-scutulatus
bf1a3b7b79,crotalus-scutulatus
d0612f3e8a,crotalus-scutulatus
eebe64532a,crotalus-scutulatus
79594b42ef,crotalus-scutulatus
bed81704c1,crotalus-scutulatus
cbe0b8c85d,crotalus-scutulatus
5ae808f8fd,crotalus-scutulatus
5d448c05e1,crotalus-scutulatus
4d051b9208,crotalus-scutulatus
88c9cc598c,crotalus-scutulatus
e81c30e876,crotalus-scutulatus
b9a8b67b16,crotalus-scutulatus
9dabb5ee25,crotalus-scutulatus
7ca6b80658,crotalus-scutulatus
f60d7f670e,crotalus-scutulatus
55d9dd5142,crotalus-scutulatus
882a08649b,crotalus-scutulatus
12fda3c135,crotalus-scutulatus
8d13d818de,crotalus-scutulatus
deb68826e6,crotalus-scutulatus
0b5507f2a9,crotalus-scutulatus
6925f4782a,crotalus-scutulatus
37f32fb0ba,crotalus-scutulatus
dd832524fa,crotalus-scutulatus
c1f4d42327,crotalus-scutulatus
d803830007,crotalus-scutulatus
beec8cc1ba,crotalus-scutulatus
11a5d8337e,crotalus-scutulatus
f143d212b3,crotalus-scutulatus
a77509b170,crotalus-scutulatus
5c3936c628,crotalus-scutulatus
21deaeaa17,crotalus-scutulatus
1dcaaad800,crotalus-scutulatus
484413b8d3,crotalus-scutulatus
8f25d1fc53,crotalus-scutulatus
8d63dc0ed6,crotalus-scutulatus
c85a468e26,crotalus-scutulatus
ba083e8689,crotalus-scutulatus
f99d915b6b,crotalus-scutulatus
855bd99878,crotalus-scutulatus
2266898888,crotalus-scutulatus
46058d8161,crotalus-scutulatus
c6a13f622c,crotalus-scutulatus
e0ed8038c6,crotalus-scutulatus
4c11e184fd,crotalus-scutulatus
12e603532f,crotalus-scutulatus
5180638e96,crotalus-scutulatus
b04dd2adec,crotalus-scutulatus
7066af3e95,crotalus-scutulatus
dfbfdc7fec,crotalus-scutulatus
cfb3f52655,crotalus-scutulatus
a294303eeb,crotalus-scutulatus
f7358c1693,crotalus-scutulatus
9be3399776,crotalus-scutulatus
7eab2c68bb,crotalus-scutulatus
2a95741853,crotalus-scutulatus
d5b1906aa1,crotalus-scutulatus
436330dda2,crotalus-scutulatus
d20b9db32d,crotalus-scutulatus
7aed34b899,crotalus-scutulatus
65406d36a7,crotalus-scutulatus
f4853bcc67,crotalus-scutulatus
c2719ab3f2,crotalus-scutulatus
4d8f022e07,crotalus-scutulatus
6ef01917c6,crotalus-scutulatus
fae66dee74,crotalus-scutulatus
c1acdf0a74,crotalus-scutulatus
3ded70d7c3,crotalus-scutulatus
83ab914a6d,crotalus-scutulatus
fdbb06d2b0,crotalus-scutulatus
29c12aa50b,crotalus-scutulatus
f4402d15f7,crotalus-scutulatus
b1d252ae26,crotalus-scutulatus
e12901072d,crotalus-scutulatus
d495120d71,crotalus-scutulatus
4380a651bf,crotalus-scutulatus
0dca38a9c9,crotalus-scutulatus
c0575f37ac,crotalus-scutulatus
85bbb1d3fc,crotalus-scutulatus
047788a264,crotalus-scutulatus
cf6a306170,crotalus-scutulatus
3c187495d8,crotalus-scutulatus
93c4e94fba,crotalus-scutulatus
a86943e07b,crotalus-scutulatus
c09b16ca15,crotalus-scutulatus
9b478155ac,crotalus-scutulatus
fdce965a85,crotalus-scutulatus
b86a0e9749,crotalus-scutulatus
72e92d074b,crotalus-scutulatus
442a001933,crotalus-scutulatus
f9ac703430,crotalus-scutulatus
f41723b2b7,crotalus-scutulatus
9b4ad29201,crotalus-scutulatus
0e7368ddf1,crotalus-scutulatus
b5905be265,crotalus-scutulatus
af55a93714,crotalus-scutulatus
b8022114ff,crotalus-scutulatus
6869daa30d,crotalus-scutulatus
f6826f3a44,crotalus-scutulatus
d846222a27,crotalus-scutulatus
8d8b41be92,crotalus-scutulatus
f5055dad14,crotalus-scutulatus
f5464b6c4d,crotalus-scutulatus
df783face0,crotalus-scutulatus
5366409cc9,crotalus-scutulatus
20070bf8e0,crotalus-scutulatus
a8ae4b2cc4,crotalus-scutulatus
ebbfcc7256,crotalus-scutulatus
e0af3ec1dc,crotalus-scutulatus
f8c29af6a4,crotalus-scutulatus
51aeb208e1,crotalus-scutulatus
4892a7b03e,crotalus-scutulatus
30d3a273c1,crotalus-scutulatus
9dea0393b2,crotalus-scutulatus
5b06a39081,crotalus-scutulatus
9acd404c7b,crotalus-scutulatus
b6467c0d86,crotalus-scutulatus
ad18b657f0,crotalus-scutulatus
fdf6135552,crotalus-scutulatus
1af0a36d6c,crotalus-scutulatus
547f6b9455,crotalus-scutulatus
bb222ddaa9,crotalus-scutulatus
3e53802c11,crotalus-scutulatus
44be6183a7,crotalus-scutulatus
c73c3c3b9b,crotalus-scutulatus
f519f23157,crotalus-scutulatus
1e56fb5139,crotalus-scutulatus
b4699a9c84,crotalus-scutulatus
c25b2a530d,crotalus-scutulatus
c0c6aa8b10,crotalus-scutulatus
88608b60c6,crotalus-scutulatus
1e416f3e13,crotalus-scutulatus
40988857ce,crotalus-scutulatus
0c89d31702,crotalus-scutulatus
ed26fe7996,crotalus-scutulatus
94fe7ff244,crotalus-scutulatus
46ee76ccb8,crotalus-scutulatus
d65c2dc896,crotalus-scutulatus
b0ebe0ec7c,crotalus-scutulatus
b976cbbc89,crotalus-scutulatus
8ba809dab1,crotalus-scutulatus
375696a37f,crotalus-scutulatus
9db974a233,crotalus-scutulatus
31b15b7404,crotalus-scutulatus
8d33851a8b,crotalus-scutulatus
17b3968ced,crotalus-scutulatus
92dc510a40,crotalus-scutulatus
512fc9e23c,crotalus-scutulatus
d3a15518ac,crotalus-scutulatus
606b454ea5,crotalus-scutulatus
9e8f1195b3,crotalus-scutulatus
9b09290d21,crotalus-scutulatus
143df6c4aa,crotalus-scutulatus
db06bafc17,crotalus-scutulatus
090abdc8b8,crotalus-scutulatus
ed7b95d537,crotalus-scutulatus
ebdbb4edfa,crotalus-scutulatus
e51bebd7ce,crotalus-scutulatus
65faa9df15,crotalus-scutulatus
7cf1559b96,crotalus-scutulatus
809a0a209e,crotalus-scutulatus
14a0397527,crotalus-scutulatus
db945af48b,crotalus-scutulatus
3338b33890,crotalus-scutulatus
c3f5e146ba,crotalus-scutulatus
722b6323ec,crotalus-scutulatus
4a6b1852d0,crotalus-scutulatus
9a73a81dff,crotalus-scutulatus
44e2cc78d3,crotalus-scutulatus
e36fa6f2e6,crotalus-scutulatus
37701846eb,crotalus-scutulatus
c4804cb27f,crotalus-scutulatus
2f774a0168,crotalus-scutulatus
477737deba,crotalus-scutulatus
684a7b08ae,crotalus-scutulatus
aadfad28f5,crotalus-scutulatus
2847d4e56d,crotalus-scutulatus
2e9f1674bc,crotalus-scutulatus
385ea02927,crotalus-scutulatus
aaa615d84a,crotalus-scutulatus
4a56a9830a,crotalus-scutulatus
add4ded433,crotalus-scutulatus
86cb5618f9,crotalus-scutulatus
8e1be27f76,crotalus-scutulatus
41de4add86,crotalus-scutulatus
618148c93a,crotalus-scutulatus
94384b64ee,crotalus-scutulatus
98ca8e97e3,crotalus-scutulatus
58a809a5da,crotalus-scutulatus
c82b0038fb,crotalus-scutulatus
3e948e13ad,crotalus-scutulatus
b77fbe5457,crotalus-scutulatus
5ea87a2f3d,crotalus-scutulatus
3aaaeb3001,crotalus-scutulatus
855792de01,crotalus-scutulatus
a4936afac4,crotalus-scutulatus
68570123d7,crotalus-scutulatus
ab501eeaa1,crotalus-scutulatus
fa68e6c437,crotalus-scutulatus
b78234966e,crotalus-scutulatus
d8989a7ebd,crotalus-scutulatus
de9b02c30b,crotalus-scutulatus
8d02041d76,crotalus-scutulatus
924799e3f4,crotalus-scutulatus
9a78bc503d,crotalus-scutulatus
fe652f12b4,crotalus-scutulatus
ff8781cb80,crotalus-scutulatus
c41ed9c05b,crotalus-scutulatus
3024fa18e5,crotalus-scutulatus
488901ecd7,crotalus-scutulatus
3bbdab923c,crotalus-scutulatus
08a0158c25,crotalus-scutulatus
3563d17587,crotalus-scutulatus
50281e1d1d,crotalus-scutulatus
a28a1a35a7,crotalus-scutulatus
8161449847,crotalus-scutulatus
b9179ad8ed,crotalus-scutulatus
aeeb16bfec,crotalus-scutulatus
2c983824a0,crotalus-scutulatus
8481649aee,crotalus-scutulatus
20f14eedb1,crotalus-scutulatus
341d33701d,crotalus-scutulatus
df0fb047d2,crotalus-scutulatus
4228389f4b,crotalus-scutulatus
0ce760d438,crotalus-scutulatus
7d316f0c9d,crotalus-scutulatus
d98003bb75,crotalus-scutulatus
4f39265344,crotalus-scutulatus
012154c583,crotalus-scutulatus
cfa7ab3db8,crotalus-scutulatus
5ac4d84b46,crotalus-scutulatus
a1d9f93887,crotalus-scutulatus
4fa2f1b008,crotalus-scutulatus
b45b7e4c81,crotalus-scutulatus
786ba4ba4b,crotalus-scutulatus
31614aea45,crotalus-scutulatus
d111dafe36,crotalus-scutulatus
c2608c8551,crotalus-scutulatus
cc7b9bd6ed,crotalus-scutulatus
9582dbeb27,crotalus-scutulatus
1e665d3a05,crotalus-scutulatus
50d38f3707,crotalus-scutulatus
79818ed7bd,crotalus-scutulatus
13ebc1770d,crotalus-scutulatus
92643765f4,crotalus-scutulatus
c5b4577265,crotalus-scutulatus
46e4512b8e,crotalus-scutulatus
79e5a876ae,crotalus-scutulatus
eda032e523,crotalus-scutulatus
0fd905ded1,crotalus-scutulatus
ef82006232,crotalus-scutulatus
4b823fb6b9,crotalus-scutulatus
c71ddedbd6,crotalus-scutulatus
8ab088c8fe,crotalus-scutulatus
2a686ef996,crotalus-scutulatus
44827e0c96,crotalus-scutulatus
c3c66a42cd,crotalus-scutulatus
97a2c7ecb7,crotalus-scutulatus
68f05a3a85,crotalus-scutulatus
d67f206f3d,crotalus-scutulatus
1b9dd02d06,crotalus-scutulatus
7cead4b1c3,crotalus-scutulatus
785a849ff5,crotalus-scutulatus
02fa6b3ee5,crotalus-scutulatus
87318c3aca,crotalus-scutulatus
bb4b7c9f3b,crotalus-scutulatus
647d580a8c,crotalus-scutulatus
c28fa93914,crotalus-scutulatus
1d6504604f,crotalus-scutulatus
b960c924af,crotalus-scutulatus
95f24f6dbf,crotalus-scutulatus
144981a319,crotalus-scutulatus
c5843ff6bc,crotalus-scutulatus
3981bb53f1,crotalus-scutulatus
8cb6eebb38,crotalus-scutulatus
8111c15451,crotalus-scutulatus
0dddf76dfe,crotalus-scutulatus
5421f5b6ca,crotalus-scutulatus
f2d94b49ca,crotalus-scutulatus
76cdffaffb,crotalus-scutulatus
46a6a306fc,crotalus-scutulatus
2b6245d77b,crotalus-scutulatus
c47c82122f,crotalus-scutulatus
c04ef971c2,crotalus-scutulatus
d112dcec1e,crotalus-scutulatus
6c78d9c8ce,crotalus-scutulatus
1d3c4f7d2f,crotalus-scutulatus
9c88832a7a,crotalus-scutulatus
0cc412b743,crotalus-scutulatus
813751c7fe,crotalus-scutulatus
fba47323dd,crotalus-scutulatus
4733a797e4,crotalus-scutulatus
811119a90b,crotalus-scutulatus
0d08d8becf,crotalus-scutulatus
f3bdc27db9,crotalus-scutulatus
bbe79f4604,crotalus-scutulatus
d5fb0f6816,crotalus-scutulatus
f94be71c7a,crotalus-scutulatus
4a247becfb,crotalus-scutulatus
89a8cb0e76,crotalus-scutulatus
ef54757e06,crotalus-scutulatus
da8f5e5486,crotalus-scutulatus
386f649b46,crotalus-scutulatus
ef07005750,crotalus-scutulatus
33c33c3665,crotalus-scutulatus
d919c074ed,crotalus-scutulatus
343d7275b2,crotalus-scutulatus
1794be2478,crotalus-scutulatus
038eefc633,crotalus-scutulatus
033c590985,crotalus-scutulatus
1288525568,crotalus-scutulatus
3b0596bd51,crotalus-scutulatus
84191bfd5a,crotalus-scutulatus
11660a3b49,crotalus-scutulatus
b5b4689c0d,crotalus-scutulatus
6bc53a3ab8,crotalus-scutulatus
c095ab66df,crotalus-scutulatus
6f44735f58,crotalus-scutulatus
2f3f358d43,crotalus-scutulatus
da3f1c4d6e,crotalus-scutulatus
0b975a80ed,crotalus-scutulatus
e27ca7d445,crotalus-scutulatus
14c1f66246,crotalus-scutulatus
69d4b15fd1,crotalus-scutulatus
657cdeaa72,crotalus-scutulatus
5b356b946f,crotalus-scutulatus
8b2bbb9546,crotalus-scutulatus
2b8b168c61,crotalus-scutulatus
e3654cac52,crotalus-scutulatus
65683b5376,crotalus-scutulatus
fc4dbc6d5d,crotalus-scutulatus
3dccd63a1c,crotalus-scutulatus
25891d7e28,crotalus-scutulatus
7d47015e7f,crotalus-scutulatus
451a823673,crotalus-scutulatus
d930d37135,crotalus-scutulatus
b937924469,crotalus-scutulatus
ad64e08277,crotalus-scutulatus
19bd628df5,crotalus-scutulatus
f247f88b68,crotalus-scutulatus
ba00658f4c,crotalus-scutulatus
68722a30ea,crotalus-scutulatus
36beae29d4,crotalus-scutulatus
ce8b6913f4,crotalus-scutulatus
fbf220a77a,crotalus-scutulatus
5cb1e2553b,crotalus-scutulatus
992f8823fb,crotalus-scutulatus
c10ff40811,crotalus-scutulatus
b1d492d342,crotalus-scutulatus
713804346e,crotalus-scutulatus
1c54dbdb06,crotalus-scutulatus
db28e1151c,crotalus-scutulatus
162a7cdf2a,crotalus-scutulatus
e9d344e301,crotalus-scutulatus
8610476c82,crotalus-scutulatus
054481ab8f,crotalus-scutulatus
881fd4dc15,crotalus-scutulatus
01bc7841f0,crotalus-scutulatus
11f0e3c25b,crotalus-scutulatus
68642c8410,crotalus-scutulatus
b73f6347cd,crotalus-scutulatus
b3452f1934,crotalus-scutulatus
963998afb6,crotalus-scutulatus
6dbd0674dd,crotalus-scutulatus
7ed1337bff,crotalus-scutulatus
55e04b0100,crotalus-scutulatus
a8827df7c1,crotalus-scutulatus
1f393e851f,crotalus-scutulatus
54d2fa2eda,crotalus-scutulatus
d93873fdb7,crotalus-scutulatus
bf1a6aa6aa,crotalus-scutulatus
7c63285d95,crotalus-scutulatus
ce17bee7ea,crotalus-scutulatus
fa0e46865e,crotalus-scutulatus
c2ad7b1b76,crotalus-scutulatus
6dea60b535,crotalus-scutulatus
73bda1efb3,crotalus-scutulatus
0a92678115,crotalus-scutulatus
8bb0c18e00,crotalus-scutulatus
15f4557735,crotalus-scutulatus
72d0f049bf,crotalus-scutulatus
f35100aade,crotalus-scutulatus
d44c8d5314,crotalus-scutulatus
0fa9fc3183,crotalus-scutulatus
c484be18d6,crotalus-scutulatus
d6279d9ecd,crotalus-scutulatus
a1c21d6672,crotalus-scutulatus
bde7c1f5cc,crotalus-scutulatus
e1dce31f83,crotalus-scutulatus
227ad5b05c,crotalus-scutulatus
b830d5dbe5,crotalus-scutulatus
ccb79ed307,crotalus-scutulatus
fef6cec454,crotalus-scutulatus
b9509d1721,crotalus-scutulatus
6f3af7373d,crotalus-scutulatus
57db3594db,crotalus-scutulatus
2472af6c57,crotalus-scutulatus
bd43b49990,crotalus-scutulatus
64b358a9bb,crotalus-scutulatus
a59422c281,crotalus-scutulatus
6cbc15a33e,crotalus-scutulatus
48a78ec539,crotalus-scutulatus
ec24a7dba0,crotalus-scutulatus
49734a6ebf,crotalus-scutulatus
01008992e9,crotalus-scutulatus
11790d01c8,crotalus-scutulatus
40b8fc0e84,crotalus-scutulatus
14b51564a5,crotalus-scutulatus
5a7b351a60,crotalus-scutulatus
2a7b6c5b9c,crotalus-scutulatus
26cab4eb5c,crotalus-scutulatus
f03aa5df7a,crotalus-scutulatus
b19e082892,crotalus-scutulatus
cb82fa561f,crotalus-scutulatus
902a71bf05,crotalus-scutulatus
7bf3a6739b,crotalus-scutulatus
8a604f1ddc,crotalus-scutulatus
7f926d3284,crotalus-scutulatus
96958ebf1b,crotalus-scutulatus
9886f29ea0,crotalus-scutulatus
a151d5bd1d,crotalus-scutulatus
601a036889,crotalus-scutulatus
ace74db921,crotalus-scutulatus
f92fe5e5b0,crotalus-scutulatus
49f08ece45,crotalus-scutulatus
b8c09adadc,crotalus-scutulatus
8b704e36a2,crotalus-scutulatus
3fd328c40e,crotalus-scutulatus
07a1325194,crotalus-scutulatus
559a737051,crotalus-scutulatus
9784892755,crotalus-scutulatus
6b1f376295,crotalus-scutulatus
2e0d21aede,crotalus-scutulatus
4cb6776f57,crotalus-scutulatus
dad51cd1dd,crotalus-scutulatus
160ff28e12,crotalus-scutulatus
ac2b560e59,crotalus-scutulatus
80960684df,crotalus-scutulatus
dda7fe77cf,crotalus-scutulatus
41b6e2b209,crotalus-scutulatus
4e786381ff,crotalus-scutulatus
e6f6b08dc0,crotalus-scutulatus
39ae08a8a2,crotalus-scutulatus
07ad933b01,crotalus-scutulatus
ab72fae277,crotalus-scutulatus
17b254d95e,crotalus-scutulatus
d0a8efe351,crotalus-scutulatus
ccf22994e8,crotalus-scutulatus
dc912c11c4,crotalus-scutulatus
cd41d47965,crotalus-scutulatus
c73f697001,crotalus-scutulatus
bf0251ff3c,crotalus-scutulatus
42649255bc,crotalus-scutulatus
293259d508,crotalus-scutulatus
4cc20d0bc8,crotalus-scutulatus
8fabf4c798,crotalus-scutulatus
5d0faf4c7b,crotalus-scutulatus
e739a016b4,crotalus-scutulatus
222f09d68c,crotalus-scutulatus
a4bf73e176,crotalus-scutulatus
b137ef058f,crotalus-scutulatus
c1039f5273,crotalus-scutulatus
b8c8491cb6,crotalus-scutulatus
ee31dcdf27,crotalus-scutulatus
718bc14e1a,crotalus-scutulatus
67fea1ff7d,crotalus-scutulatus
e801ee6840,crotalus-scutulatus
8d2b02a4b8,crotalus-scutulatus
1fff5a46d7,crotalus-scutulatus
045f997c55,crotalus-scutulatus
c724879503,crotalus-scutulatus
ceb38802d8,crotalus-scutulatus
f54c8489c0,crotalus-scutulatus
8a1aa78cda,crotalus-scutulatus
a89830d58e,crotalus-scutulatus
857c430acc,crotalus-scutulatus
727d39c386,crotalus-scutulatus
e46e1ff177,crotalus-scutulatus
ff36f08f54,crotalus-scutulatus
42b9ebe601,crotalus-scutulatus
6c2e15cfe3,crotalus-scutulatus
b0b4a61772,crotalus-scutulatus
c08388a48f,crotalus-scutulatus
bbfba08e73,crotalus-scutulatus
8d52547e5f,crotalus-scutulatus
34e6afb98b,crotalus-scutulatus
5d82166868,crotalus-scutulatus
991a9dbcb3,crotalus-scutulatus
e0b2962c83,crotalus-scutulatus
57050111e0,crotalus-scutulatus
559ed5ed62,crotalus-scutulatus
cfa6f0c0ea,crotalus-scutulatus
68ffd2a53a,crotalus-scutulatus
b9afe1d694,crotalus-scutulatus
03e5159380,crotalus-scutulatus
7b9765dd01,crotalus-scutulatus
5b1613f007,crotalus-scutulatus
a48ae72b05,crotalus-scutulatus
55558305ba,crotalus-scutulatus
895249fbf8,crotalus-scutulatus
3dcee426bd,crotalus-scutulatus
0dffc5dc0a,crotalus-scutulatus
fbda0ff664,crotalus-scutulatus
47241a7a2f,crotalus-scutulatus
d417d4f631,crotalus-scutulatus
23ad837e57,crotalus-scutulatus
6f2c9b0a8e,crotalus-scutulatus
a01abc8b06,crotalus-scutulatus
c6ca718826,crotalus-scutulatus
ab888375df,crotalus-scutulatus
2b1db1ded4,crotalus-scutulatus
fd6832ac73,crotalus-scutulatus
485a5b3419,crotalus-scutulatus
aedeb630da,crotalus-scutulatus
09f01bb907,crotalus-scutulatus
a763ba3648,crotalus-scutulatus
dc5f2f060a,crotalus-scutulatus
dd01683edc,crotalus-scutulatus
e931b94a50,crotalus-scutulatus
fa58c0f04f,crotalus-scutulatus
e2c8b01054,crotalus-scutulatus
15ddd7bca3,crotalus-scutulatus
f00a203827,crotalus-scutulatus
1cc583c86f,crotalus-scutulatus
8ae15dfb92,crotalus-scutulatus
71150f768b,crotalus-scutulatus
0823016b69,crotalus-scutulatus
d21d7e61ca,crotalus-scutulatus
063269761f,crotalus-scutulatus
700d8ecd83,crotalus-scutulatus
4d2a67a53b,crotalus-scutulatus
3292dbb525,crotalus-scutulatus
207bea7c2e,crotalus-scutulatus
f47788339e,crotalus-scutulatus
79104dbf66,crotalus-scutulatus
42378b3f2f,crotalus-scutulatus
2a44495fb7,crotalus-scutulatus
3e2ea403b2,crotalus-scutulatus
f7e249aed9,crotalus-scutulatus
b92b1aedcc,crotalus-scutulatus
e1d6453f2b,crotalus-scutulatus
cceb5470db,crotalus-scutulatus
8486c55d6c,crotalus-scutulatus
a0dd47833b,crotalus-scutulatus
1e056656bf,crotalus-scutulatus
0b739e266e,crotalus-scutulatus
0394781976,crotalus-scutulatus
13d58ec6aa,crotalus-scutulatus
860bb58cdf,crotalus-scutulatus
9f6fd47396,crotalus-scutulatus
295ab7d70f,crotalus-scutulatus
e0e5b99f06,crotalus-scutulatus
af99899112,crotalus-scutulatus
a2d253f06d,crotalus-scutulatus
db517bd3e6,crotalus-scutulatus
6c5e01ce28,crotalus-scutulatus
ad94af4567,crotalus-scutulatus
a45fc803c9,crotalus-scutulatus
bfae6bd6d5,crotalus-scutulatus
688b2608c8,crotalus-scutulatus
3aedf03b93,crotalus-scutulatus
2988f6b14e,crotalus-scutulatus
22533e6b71,crotalus-scutulatus
ff7735def6,crotalus-scutulatus
292607026b,crotalus-scutulatus
3ccb420d0c,crotalus-scutulatus
13a059d87a,crotalus-scutulatus
3c083b4590,crotalus-scutulatus
2cefdedb33,crotalus-scutulatus
a60ce6d077,crotalus-scutulatus
5bb72556f9,crotalus-scutulatus
9ebfc32ad0,crotalus-scutulatus
f962e3439e,crotalus-scutulatus
1930c4ef59,crotalus-scutulatus
36ff5e2a56,crotalus-scutulatus
17f7991a24,crotalus-scutulatus
e2852dfcc2,crotalus-scutulatus
cac1cf0907,crotalus-scutulatus
6bc32ee53e,crotalus-scutulatus
6fcc4ea871,crotalus-scutulatus
b4d280970e,crotalus-scutulatus
c0062f2cd3,crotalus-scutulatus
1debbd0daa,crotalus-scutulatus
9e7a2e94c4,crotalus-scutulatus
b688c60e29,crotalus-scutulatus
9315a4a9e9,crotalus-scutulatus
fb5fc3ff56,crotalus-scutulatus
87608051e5,crotalus-scutulatus
b99098909e,crotalus-scutulatus
47a8ec4f3e,crotalus-scutulatus
bd95ef304d,crotalus-scutulatus
9b07f3eacf,crotalus-scutulatus
3412a66683,crotalus-scutulatus
867f2ef9d9,crotalus-scutulatus
5b4838e1e5,crotalus-scutulatus
6ca03f6d63,crotalus-scutulatus
3f59a08941,crotalus-scutulatus
91fb4fb5e5,crotalus-scutulatus
825908cce1,crotalus-scutulatus
9d0d36b4b2,crotalus-scutulatus
a869568b74,crotalus-scutulatus
4bb31fa285,crotalus-scutulatus
8b8357c908,crotalus-scutulatus
452124f26d,crotalus-scutulatus
820f329919,crotalus-scutulatus
662449a569,crotalus-scutulatus
2cb9a689f8,crotalus-scutulatus
ac132f5934,crotalus-scutulatus
55c5a2a0bb,crotalus-scutulatus
77cdc9894e,crotalus-scutulatus
b0669937f2,crotalus-scutulatus
416e8f5071,crotalus-scutulatus
044b47bb18,crotalus-scutulatus
b11275c440,crotalus-scutulatus
6d644b2b27,crotalus-scutulatus
fe3fe692d4,crotalus-scutulatus
57ef22b097,crotalus-scutulatus
d9fca7fbeb,crotalus-scutulatus
f3ecca6910,crotalus-scutulatus
2004e8fe2c,crotalus-scutulatus
5ed983ebe4,crotalus-scutulatus
0ce29ac201,crotalus-scutulatus
3327333217,crotalus-scutulatus
ba126f9814,crotalus-scutulatus
58a86e1fbc,crotalus-scutulatus
ce51028899,crotalus-scutulatus
a075ddf05c,crotalus-scutulatus
27fe381477,crotalus-scutulatus
5fa87ae1fc,crotalus-scutulatus
b5293b81b0,crotalus-scutulatus
5653096047,crotalus-scutulatus
37503e8da9,crotalus-scutulatus
aee44249a7,crotalus-scutulatus
15003d8072,crotalus-scutulatus
26ea706d87,crotalus-scutulatus
b107b5bfec,crotalus-scutulatus
e2fcddeb52,crotalus-scutulatus
3abfa44d66,crotalus-scutulatus
575fd1acd4,crotalus-scutulatus
4e595ab339,crotalus-scutulatus
eaedb4aeea,crotalus-scutulatus
f26b948e46,crotalus-scutulatus
9f10e1116b,crotalus-scutulatus
da3f536aeb,crotalus-scutulatus
14265d230f,crotalus-scutulatus
87403ef53d,crotalus-scutulatus
b6ffe43c55,crotalus-scutulatus
75ebbc0cd3,crotalus-scutulatus
b1e89ad24e,crotalus-scutulatus
56c9e212e1,crotalus-scutulatus
c375eaa47c,crotalus-scutulatus
9d60408184,crotalus-scutulatus
7c700cba7a,crotalus-scutulatus
4846c2ff38,crotalus-scutulatus
cca13460db,crotalus-scutulatus
ace4428288,crotalus-scutulatus
f93b01cf67,crotalus-scutulatus
381cd1d7b0,crotalus-scutulatus
30e4144ba5,crotalus-scutulatus
c96674a57e,crotalus-scutulatus
b5fa9c891c,crotalus-scutulatus
857dc26592,crotalus-scutulatus
a76c44bb89,crotalus-scutulatus
82e701f9a7,crotalus-scutulatus
9e2d9ab3e2,crotalus-scutulatus
a8ea06d10f,crotalus-scutulatus
594cc3fd5a,crotalus-scutulatus
66533f8fc8,crotalus-scutulatus
393100f69f,crotalus-scutulatus
be611db16b,crotalus-scutulatus
e5a3e55619,crotalus-scutulatus
ab227abef4,crotalus-scutulatus
f89b383858,crotalus-scutulatus
bc050ff130,crotalus-scutulatus
56c75093dd,crotalus-scutulatus
63da8e83a5,crotalus-scutulatus
ccd7709ba8,crotalus-scutulatus
624a6c0459,crotalus-scutulatus
f6f493238e,crotalus-scutulatus
8ea489d2ec,crotalus-scutulatus
4414687ddb,crotalus-scutulatus
16768932e7,crotalus-scutulatus
4c3eb5bfb1,crotalus-scutulatus
29da4e905f,crotalus-scutulatus
3e77a414cf,crotalus-scutulatus
480178afdb,crotalus-scutulatus
da1aeaec34,crotalus-scutulatus
f9d30e7c25,crotalus-scutulatus
6c8893e5b9,crotalus-scutulatus
fcb8d0382d,crotalus-scutulatus
5ede340e32,crotalus-scutulatus
d1ef8c5ebe,crotalus-scutulatus
20c98b7d75,crotalus-scutulatus
a32ca206e4,crotalus-scutulatus
b14024890c,crotalus-scutulatus
eadd4b193b,crotalus-scutulatus
1309de6784,crotalus-scutulatus
8c0ecbc291,crotalus-scutulatus
86be30154b,crotalus-scutulatus
9cb8de814e,crotalus-scutulatus
5f255f8a6f,crotalus-scutulatus
d6ed42c50b,crotalus-scutulatus
6ffd88def2,crotalus-scutulatus
348d974fa5,crotalus-scutulatus
6ff13e6eb6,crotalus-scutulatus
d441752d22,crotalus-scutulatus
d582a92123,crotalus-scutulatus
fa6146a028,crotalus-scutulatus
35a1801b68,crotalus-scutulatus
9ecc4721bf,crotalus-scutulatus
7be7d952f8,crotalus-scutulatus
d58eda8969,crotalus-scutulatus
998a1cbe5a,crotalus-scutulatus
2f28b83984,crotalus-scutulatus
54126ca78d,crotalus-scutulatus
d47dbad6f9,crotalus-scutulatus
b70ed6998c,crotalus-scutulatus
351a52d327,crotalus-scutulatus
66c69c2d1a,crotalus-scutulatus
e09b662bd5,crotalus-scutulatus
f457c263c5,crotalus-scutulatus
1996c3c0a0,crotalus-scutulatus
80c77ea095,crotalus-scutulatus
8fea7a6f67,crotalus-scutulatus
e496c7ae34,crotalus-scutulatus
c33c94bd3d,crotalus-scutulatus
356311d35c,crotalus-scutulatus
00fefc891d,crotalus-scutulatus
4d8e2d733d,crotalus-scutulatus
8b16f8a4e1,crotalus-scutulatus
c606bb7282,crotalus-scutulatus
07265abede,crotalus-scutulatus
b5171d3348,crotalus-scutulatus
00a3b82892,crotalus-scutulatus
e9b38ba43f,crotalus-scutulatus
27046a7f7d,crotalus-scutulatus
325e2a718c,crotalus-scutulatus
bd3de164e8,crotalus-scutulatus
05bbc5070b,crotalus-scutulatus
fe4bdf4f63,crotalus-scutulatus
f4459bc74a,crotalus-scutulatus
77dd465e89,crotalus-scutulatus
9db61dea8b,crotalus-scutulatus
d66c3f3d34,crotalus-scutulatus
986467ee6d,crotalus-scutulatus
bc055cfcf1,crotalus-scutulatus
febc601a64,crotalus-scutulatus
4fb62fe5f4,crotalus-scutulatus
5c0dcbb923,crotalus-scutulatus
e405656b1b,crotalus-scutulatus
89ac32a56d,crotalus-scutulatus
e037e771c3,crotalus-scutulatus
dd13ef5784,crotalus-scutulatus
f5f14dcdd2,crotalus-scutulatus
7d40454b7b,crotalus-scutulatus
cbe325ab91,crotalus-scutulatus
8b8f0dd5e6,crotalus-scutulatus
fc58e19ca0,crotalus-scutulatus
5e0fe76874,crotalus-scutulatus
e42020f71e,crotalus-scutulatus
6ee21f4bbc,crotalus-scutulatus
7e25f7155c,crotalus-scutulatus
aba879e0f7,crotalus-scutulatus
79e730fef9,crotalus-scutulatus
2d0a449a11,crotalus-scutulatus
ddeaf09179,crotalus-scutulatus
50a7c39fb7,crotalus-scutulatus
018c739beb,crotalus-scutulatus
fc94ed1d6d,crotalus-scutulatus
230c70d896,crotalus-scutulatus
d2084ae837,crotalus-scutulatus
580f638042,crotalus-scutulatus
cd8dc76a5a,crotalus-scutulatus
c8ca8f0048,crotalus-scutulatus
ef1690ca4f,crotalus-scutulatus
d484524f6a,crotalus-scutulatus
3e12eda545,crotalus-scutulatus
2874500090,crotalus-scutulatus
279efc0706,crotalus-scutulatus
ff8722be40,crotalus-scutulatus
d1741bbdfa,crotalus-scutulatus
277dc08855,crotalus-scutulatus
79ce251e0a,crotalus-scutulatus
ec2cb44a7f,crotalus-scutulatus
f13f3085ae,crotalus-scutulatus
368907beeb,crotalus-scutulatus
cbb770ff5a,crotalus-scutulatus
543995ea87,crotalus-scutulatus
07624666fb,crotalus-scutulatus
bd32389689,crotalus-scutulatus
f22cb96859,crotalus-scutulatus
0a78ca4bcb,crotalus-scutulatus
d6a80b7b94,crotalus-scutulatus
ebcbf1382f,crotalus-scutulatus
c334072feb,crotalus-scutulatus
2e97263a6b,crotalus-scutulatus
77321df6c5,crotalus-scutulatus
779248244f,crotalus-scutulatus
8f336f0634,crotalus-scutulatus
7bf2980a9d,crotalus-scutulatus
4bbc8c4bcb,crotalus-scutulatus
e4827f9295,crotalus-scutulatus
bdbd9d005c,crotalus-scutulatus
8b9db7077f,crotalus-scutulatus
ca33c6d5ad,crotalus-scutulatus
2abb924a58,crotalus-scutulatus
ccdceb7b04,crotalus-scutulatus
1c53a0e9af,crotalus-scutulatus
9d5e6df395,crotalus-scutulatus
14766b3230,crotalus-scutulatus
336c730066,crotalus-scutulatus
b4f2848f54,crotalus-scutulatus
c7c9fdada6,crotalus-scutulatus
2ea0beae2d,crotalus-scutulatus
093655b322,crotalus-scutulatus
5eab328c5b,crotalus-scutulatus
5955a29848,crotalus-scutulatus
07437a1fe8,crotalus-scutulatus
f63b571452,crotalus-scutulatus
2632a10a71,crotalus-scutulatus
274fd61c14,crotalus-scutulatus
a7f5375ba7,crotalus-scutulatus
f037d55664,crotalus-scutulatus
138924be68,crotalus-scutulatus
acd563d446,crotalus-scutulatus
4b381d7348,crotalus-scutulatus
0ae45b5aaa,crotalus-scutulatus
a853ecfce0,crotalus-scutulatus
f7ab9a3e13,crotalus-scutulatus
231da2602e,crotalus-scutulatus
48ac7f1c7d,crotalus-scutulatus
770de8c393,crotalus-scutulatus
2049112874,crotalus-scutulatus
d5c6a36fb3,crotalus-scutulatus
5d5286410a,crotalus-scutulatus
fbd2e05f9d,crotalus-scutulatus
5cb1e77e60,crotalus-scutulatus
016c384a1a,crotalus-scutulatus
7b7a456cd9,crotalus-scutulatus
99e3cdcc39,crotalus-scutulatus
a3df4a6366,crotalus-scutulatus
3b99bf84d6,crotalus-scutulatus
59cd4c4417,crotalus-scutulatus
a44d993fbe,crotalus-scutulatus
806789a916,crotalus-scutulatus
10c35c9661,crotalus-scutulatus
d5998a22fb,crotalus-scutulatus
f08e8cb28b,crotalus-scutulatus
d931cd921f,crotalus-scutulatus
5ab3fc3b21,crotalus-scutulatus
9310ca3b13,crotalus-scutulatus
990d9f9cc7,crotalus-scutulatus
b883a88123,crotalus-scutulatus
659e1304ed,crotalus-scutulatus
632568f983,crotalus-scutulatus
82b4daee47,crotalus-scutulatus
9e08e2e7c0,crotalus-scutulatus
995da4bdfe,crotalus-scutulatus
9ba5f59e0d,crotalus-scutulatus
ecc2bff41e,crotalus-scutulatus
48807c6a7f,crotalus-scutulatus
f9bfc13a70,crotalus-scutulatus
0bc8c8b3d9,crotalus-scutulatus
9cd4b65c2c,crotalus-scutulatus
511dffe7d2,crotalus-scutulatus
0d885db042,crotalus-scutulatus
10ff7e57d3,crotalus-scutulatus
b9551ebdb5,crotalus-scutulatus
bb4acca82d,crotalus-scutulatus
6a5c796675,crotalus-scutulatus
3ccba0002a,crotalus-scutulatus
521a24cb0a,crotalus-scutulatus
7db0e926a2,crotalus-scutulatus
82335fe2c5,crotalus-scutulatus
5f9a9502e6,crotalus-scutulatus
10cea40844,crotalus-scutulatus
a370764eb5,crotalus-scutulatus
f5f5fa2cb8,crotalus-scutulatus
662387370b,crotalus-scutulatus
c68022554f,crotalus-scutulatus
c36db9f26d,crotalus-scutulatus
cbfddc9c88,crotalus-scutulatus
cc51485193,crotalus-scutulatus
ca424e0558,crotalus-scutulatus
af114ec554,crotalus-scutulatus
cbd8652fef,crotalus-scutulatus
80da121cf4,crotalus-scutulatus
108da1072a,crotalus-scutulatus
66f17263f8,crotalus-scutulatus
f5752a0f0a,crotalus-scutulatus
e7e867160a,crotalus-scutulatus
ca291a5737,crotalus-scutulatus
7f8c875465,crotalus-scutulatus
195a2f4c3a,crotalus-scutulatus
2757eb8bbd,crotalus-scutulatus
53d596c447,crotalus-scutulatus
18a07e89ac,crotalus-scutulatus
1c806c5b9b,crotalus-scutulatus
a8fae46a5a,crotalus-scutulatus
eab9b89ad9,crotalus-scutulatus
3afe948592,crotalus-scutulatus
7230d4cc69,crotalus-scutulatus
35e116cab9,crotalus-scutulatus
f7cf344e61,crotalus-scutulatus
113f968224,crotalus-scutulatus
b1fb6982cd,crotalus-scutulatus
d50bdf5b2d,crotalus-scutulatus
5c818f58a7,crotalus-scutulatus
533805ace7,crotalus-scutulatus
783d628cbf,crotalus-scutulatus
543bb54091,crotalus-scutulatus
59411ea382,crotalus-scutulatus
7326d26554,crotalus-scutulatus
5b848633ea,crotalus-scutulatus
a1ba32ac3d,crotalus-scutulatus
c368ede9c3,crotalus-scutulatus
f1bae12c32,crotalus-scutulatus
534d81b3e3,crotalus-scutulatus
91a95ef9cb,crotalus-scutulatus
78eac1ae97,crotalus-scutulatus
f05faa4bb1,crotalus-scutulatus
f748cf3f7e,crotalus-scutulatus
142141ec62,crotalus-scutulatus
c52ac38aa0,crotalus-scutulatus
2c6828452e,crotalus-scutulatus
36cc932452,crotalus-scutulatus
459bff3c88,crotalus-scutulatus
c75bd067fd,crotalus-scutulatus
379c96f9ac,crotalus-scutulatus
65ba6853da,crotalus-scutulatus
0db0392426,crotalus-scutulatus
b095d3ea2d,crotalus-scutulatus
3415603d3c,crotalus-scutulatus
dafd6dd941,crotalus-scutulatus
a7bce1f266,crotalus-scutulatus
c6a741646d,crotalus-scutulatus
60dcbd5c62,crotalus-scutulatus
f8f3d41360,crotalus-scutulatus
9b5e5fd103,crotalus-scutulatus
08f107e1e0,crotalus-scutulatus
d96a2f8208,crotalus-scutulatus
b03b72c2eb,crotalus-scutulatus
c4b9384f10,crotalus-scutulatus
6f2637eba0,crotalus-scutulatus
e7fbaf1783,crotalus-scutulatus
2b07b7f1fc,crotalus-scutulatus
22784e30bd,crotalus-scutulatus
fc99bec64d,crotalus-scutulatus
e759f3eb2e,crotalus-scutulatus
9b56093388,crotalus-scutulatus
985cdf296c,crotalus-scutulatus
af183d1608,crotalus-scutulatus
ebf7de46e9,crotalus-scutulatus
043d5f3770,crotalus-scutulatus
0b36bcded4,crotalus-scutulatus
01ef98f8e1,crotalus-scutulatus
47efeda4fa,crotalus-scutulatus
fa62eae8c5,crotalus-scutulatus
3da4f0bcba,crotalus-scutulatus
817a7ca50c,crotalus-scutulatus
4bb367498c,crotalus-scutulatus
aca563e081,crotalus-scutulatus
c6db7228bb,crotalus-scutulatus
8e4a48cec4,crotalus-scutulatus
a3da69708a,crotalus-scutulatus
b142b8a891,crotalus-scutulatus
4142bb2db1,crotalus-scutulatus
db3125c33e,crotalus-scutulatus
5a2623981f,crotalus-scutulatus
4b63db7a28,crotalus-scutulatus
5a67e89081,crotalus-scutulatus
b250c512df,crotalus-scutulatus
d952649529,crotalus-scutulatus
3ac12b3402,crotalus-scutulatus
6b15e3ec5f,crotalus-scutulatus
e4fa7fdae2,crotalus-scutulatus
3c79a2b1b5,crotalus-scutulatus
63d96d44bd,crotalus-scutulatus
dc0f71785b,crotalus-scutulatus
3715978259,crotalus-scutulatus
5c02da1538,crotalus-scutulatus
a56a6fe0a7,crotalus-scutulatus
1ca029bf84,crotalus-scutulatus
053bbbfcb7,crotalus-scutulatus
3a231f98df,crotalus-scutulatus
ef3c60bc6b,crotalus-scutulatus
82c4e51f8a,crotalus-scutulatus
2c9e196186,crotalus-scutulatus
7c712866ff,crotalus-scutulatus
fa72b3fe67,crotalus-scutulatus
2b8d448683,crotalus-scutulatus
a75b4f3fb0,crotalus-scutulatus
7f2892af39,crotalus-scutulatus
9877d40edb,crotalus-scutulatus
603192bd4c,crotalus-scutulatus
44a1a3e35f,crotalus-scutulatus
9b5096caa1,crotalus-scutulatus
8dc1f0796e,crotalus-scutulatus
53e70d9cee,crotalus-scutulatus
1b8242b960,crotalus-scutulatus
03158930ae,crotalus-scutulatus
6039af7619,crotalus-scutulatus
190a575a41,crotalus-scutulatus
2fc944bb61,crotalus-scutulatus
d23b088919,crotalus-scutulatus
f17ff6178e,crotalus-scutulatus
401f315389,crotalus-scutulatus
bd2046b98f,crotalus-scutulatus
64808b2252,crotalus-scutulatus
abc0495ee8,crotalus-scutulatus
cb9f92f658,crotalus-scutulatus
7289b39618,crotalus-scutulatus
d04605b05d,crotalus-scutulatus
5cc447b09a,crotalus-scutulatus
902ba5f792,crotalus-scutulatus
a0c3ea95cd,crotalus-scutulatus
93238c9b55,crotalus-scutulatus
9510d33970,crotalus-scutulatus
cc01857305,crotalus-scutulatus
c379d985be,crotalus-scutulatus
30d87fe508,crotalus-scutulatus
d49df213b1,crotalus-scutulatus
9262535d19,crotalus-scutulatus
954cf7d09a,crotalus-scutulatus
07adf1b336,crotalus-scutulatus
25b2fbd6ca,crotalus-scutulatus
d67ee11156,crotalus-scutulatus
4bb9005883,crotalus-scutulatus
d26718bf1b,crotalus-scutulatus
f553f2da1c,crotalus-scutulatus
4bef4cae1b,crotalus-scutulatus
cc4949ffe3,crotalus-scutulatus
8cffcf426d,crotalus-scutulatus
17bff00b28,crotalus-scutulatus
e7b04cfe8c,crotalus-scutulatus
910ad43321,crotalus-scutulatus
14b9be3fc8,crotalus-scutulatus
d210b0b664,crotalus-scutulatus
c20c4fedeb,crotalus-scutulatus
7aa2349bd4,crotalus-scutulatus
22ee6908b7,crotalus-scutulatus
99d080b04b,crotalus-scutulatus
91111d3298,crotalus-scutulatus
bcaa37e00c,crotalus-scutulatus
e8e4c7fbb1,crotalus-scutulatus
ad27b3dc95,crotalus-scutulatus
96c0e968cf,crotalus-scutulatus
c935ce3db7,crotalus-scutulatus
b6f53fbd8e,crotalus-scutulatus
3f8b54c5b8,crotalus-scutulatus
4c885eabe4,crotalus-scutulatus
2786b3576c,crotalus-scutulatus
a466efd69d,crotalus-scutulatus
407c2c9dda,crotalus-scutulatus
3565b03095,crotalus-scutulatus
6e9284955c,crotalus-scutulatus
8ed99e4c86,crotalus-scutulatus
a5e69edc4b,crotalus-scutulatus
4e6c995bef,crotalus-scutulatus
5ae9d343e8,crotalus-scutulatus
e25a32c987,crotalus-scutulatus
b30e722d22,crotalus-scutulatus
5afeda65d0,crotalus-scutulatus
18ad85f471,crotalus-scutulatus
39927cfbaa,crotalus-scutulatus
7b692d1127,crotalus-scutulatus
84fcbb8e68,crotalus-scutulatus
14ae30c15b,crotalus-scutulatus
a603faa96e,crotalus-scutulatus
cd279c6a32,crotalus-scutulatus
6aec488970,crotalus-scutulatus
4702bb06b2,crotalus-scutulatus
9f1f0c4d77,crotalus-scutulatus
37d255ba5a,crotalus-scutulatus
9270b2e18c,crotalus-scutulatus
38d6a2113a,crotalus-scutulatus
c0f77950f7,crotalus-scutulatus
86a6eb367c,crotalus-scutulatus
3ad0cabc18,crotalus-scutulatus
59b1221597,crotalus-scutulatus
1012f2362a,crotalus-scutulatus
daac1e1960,crotalus-scutulatus
b1cb0097f1,crotalus-scutulatus
073e9ff640,crotalus-scutulatus
3105af6b71,crotalus-scutulatus
c2cbb5ab68,crotalus-scutulatus
8bd5db2b2b,crotalus-scutulatus
6e0adfbf99,crotalus-scutulatus
ebfb1532ab,crotalus-scutulatus
7120a62958,crotalus-scutulatus
c15675b887,crotalus-scutulatus
9604596853,crotalus-scutulatus
f2bc584e0b,crotalus-scutulatus
5ab91cb2ee,crotalus-scutulatus
a1177f99c4,crotalus-scutulatus
8c6e0cc938,crotalus-scutulatus
ff85bf00f2,crotalus-scutulatus
35dba4ac51,crotalus-scutulatus
77cb900136,crotalus-scutulatus
f29d659e71,crotalus-scutulatus
e9bb397147,crotalus-scutulatus
6f7f36069e,crotalus-scutulatus
07989fe1c3,crotalus-scutulatus
768a99b9e5,crotalus-scutulatus
5512ed611d,crotalus-scutulatus
b598056f93,crotalus-scutulatus
8456d0ce23,crotalus-scutulatus
f75b87d80d,crotalus-scutulatus
d69f21de4e,crotalus-scutulatus
27163ec202,crotalus-scutulatus
414c6c1e8c,crotalus-scutulatus
d11bd5b048,crotalus-scutulatus
99206af14b,crotalus-scutulatus
d5cb6099b8,crotalus-scutulatus
9f06ab71ae,crotalus-scutulatus
ec7281cd7c,crotalus-scutulatus
c2e01b4390,crotalus-scutulatus
6a3c1344c4,crotalus-scutulatus
8aba528ea0,crotalus-scutulatus
0136882c08,crotalus-scutulatus
83bf58f0b1,crotalus-scutulatus
0557d01771,crotalus-scutulatus
97022292ea,crotalus-scutulatus
f6cc3d20e0,crotalus-scutulatus
f45f8ee077,crotalus-scutulatus
357c52b2f0,crotalus-scutulatus
90c8498d65,crotalus-scutulatus
aa3c457150,crotalus-scutulatus
1ce0e88a44,crotalus-scutulatus
e218ba88c9,crotalus-scutulatus
57cec6689a,crotalus-scutulatus
6a5112a54d,crotalus-scutulatus
ac9117b886,crotalus-scutulatus
2540a21720,crotalus-scutulatus
dd169804df,crotalus-scutulatus
c237e67115,crotalus-scutulatus
fe298a3058,crotalus-scutulatus
4cc3b7adf3,crotalus-scutulatus
6b81c6a99c,crotalus-scutulatus
e2009dad0c,crotalus-scutulatus
08765181d5,crotalus-scutulatus
5e8c069be7,crotalus-scutulatus
9339f7c45b,crotalus-scutulatus
ab978ec9f5,crotalus-scutulatus
0a308984b0,crotalus-scutulatus
4b444a7450,crotalus-scutulatus
e985579c1c,crotalus-scutulatus
a67125bb01,crotalus-scutulatus
2efa69a2f5,crotalus-scutulatus
b8cc1ff52b,crotalus-scutulatus
5c2a00b326,crotalus-scutulatus
88c9895e1d,crotalus-scutulatus
85a138a2b1,crotalus-scutulatus
031021f64c,crotalus-scutulatus
afc6314ff1,crotalus-scutulatus
2e6564e977,crotalus-scutulatus
26492ca0f0,crotalus-scutulatus
8830373ae9,crotalus-scutulatus
c834e92d7b,crotalus-scutulatus
1ae509bbff,crotalus-scutulatus
1edb40263d,crotalus-scutulatus
28ed4d6904,crotalus-scutulatus
2597f7e76d,crotalus-scutulatus
3b7ab4e0d8,crotalus-scutulatus
82b1d44782,crotalus-scutulatus
9000233532,crotalus-scutulatus
a0da4b8579,crotalus-scutulatus
7f8365af3d,crotalus-scutulatus
f178404533,crotalus-scutulatus
da99774679,crotalus-scutulatus
635181b9d2,crotalus-scutulatus
81176ee1c5,crotalus-scutulatus
aae5d3dda7,crotalus-scutulatus
7e52574588,crotalus-scutulatus
33b4f8c6ee,crotalus-scutulatus
929d07dc6c,crotalus-scutulatus
6d39dfc724,crotalus-scutulatus
2d6aff49e2,crotalus-scutulatus
372bc68670,crotalus-scutulatus
ec60c2ed8a,crotalus-scutulatus
62d1292fff,crotalus-scutulatus
a020682646,crotalus-scutulatus
2006370aad,crotalus-scutulatus
ccf697d8ee,crotalus-scutulatus
482495a29c,crotalus-scutulatus
ebee509f76,crotalus-scutulatus
ec5bf8fc94,crotalus-scutulatus
ff2bb74401,crotalus-scutulatus
9687257d87,crotalus-scutulatus
1672540ff2,crotalus-scutulatus
40f8894ab0,crotalus-scutulatus
eeeb364f80,crotalus-scutulatus
17b6bccd26,crotalus-scutulatus
6b5fdb070a,crotalus-scutulatus
fb2fc7f287,crotalus-scutulatus
bc238794f9,crotalus-scutulatus
93447ffb77,crotalus-scutulatus
c508eadaf2,crotalus-scutulatus
cf457786fd,crotalus-scutulatus
4c47136817,crotalus-scutulatus
f5215fb122,crotalus-scutulatus
36f8a53278,crotalus-scutulatus
da4b78e030,crotalus-scutulatus
3857f94d7f,crotalus-scutulatus
95aa99daf1,crotalus-scutulatus
2f71e4dbc5,crotalus-scutulatus
494fb17d3f,crotalus-scutulatus
2783f6e72e,crotalus-scutulatus
0a1cb5c228,crotalus-scutulatus
ee9f2b0478,crotalus-scutulatus
ea7589812a,crotalus-scutulatus
0bec79eaff,crotalus-scutulatus
594372deba,crotalus-scutulatus
b48d02b277,crotalus-scutulatus
6143211fb1,crotalus-scutulatus
9ccf3dc324,crotalus-scutulatus
3ab63ae9ff,crotalus-scutulatus
155a2f53cf,crotalus-scutulatus
dfada263c6,crotalus-scutulatus
4932b1089d,crotalus-scutulatus
6d58bdcf39,crotalus-scutulatus
734cb7f4b6,crotalus-scutulatus
e1f9280372,crotalus-scutulatus
86f3c1735d,crotalus-scutulatus
07c9d2aa3b,crotalus-scutulatus
7683989c81,crotalus-scutulatus
2890dcea84,crotalus-scutulatus
ef9804663f,crotalus-scutulatus
6af9df245c,crotalus-scutulatus
f1c06381a3,crotalus-scutulatus
2d28192243,crotalus-scutulatus
9896a79a1d,crotalus-scutulatus
9a9ae8f452,crotalus-scutulatus
de6161fc29,crotalus-scutulatus
2a74549a83,crotalus-scutulatus
5dfc97da50,crotalus-scutulatus
b79cdcde09,crotalus-scutulatus
412b9deed5,crotalus-scutulatus
827ade5a7b,crotalus-scutulatus
018a9dc8d3,crotalus-scutulatus
98707250c7,crotalus-scutulatus
7c81f46daf,crotalus-scutulatus
ae0e1c4a78,crotalus-scutulatus
a2ff49924c,crotalus-scutulatus
2c92388500,crotalus-scutulatus
fb5ea6dd78,crotalus-scutulatus
c795f9a09c,crotalus-scutulatus
96964b08d8,crotalus-scutulatus
82f95efa2b,crotalus-scutulatus
b3937b0554,crotalus-scutulatus
1b6152c43b,crotalus-scutulatus
97a30ec6dd,crotalus-scutulatus
dece1935ee,crotalus-scutulatus
4653c6fd7c,crotalus-scutulatus
eca3e3a92b,crotalus-scutulatus
96e30cfac5,crotalus-scutulatus
d1f106e978,crotalus-scutulatus
657db6cb59,crotalus-scutulatus
31038dddc5,crotalus-scutulatus
4511368f4f,crotalus-scutulatus
4fca272540,crotalus-scutulatus
961f8aa971,crotalus-scutulatus
41e50ec9ca,crotalus-scutulatus
ad2a1a1ce2,crotalus-scutulatus
92b9fd66a7,crotalus-scutulatus
b2cb283e6a,crotalus-scutulatus
a128fcabc1,crotalus-scutulatus
01cdc5a346,crotalus-scutulatus
6f6c719cd8,crotalus-scutulatus
7b073b871d,crotalus-scutulatus
fb161a2da0,crotalus-scutulatus
8639fe5b0f,crotalus-scutulatus
6c514aa440,crotalus-scutulatus
4e410fc7b2,crotalus-scutulatus
c447daa98a,crotalus-scutulatus
33327a3289,crotalus-scutulatus
0e00591aa0,crotalus-scutulatus
c639c6450f,crotalus-scutulatus
fd7f5407f9,crotalus-scutulatus
30379927e5,crotalus-scutulatus
faee0c2011,crotalus-scutulatus
8a40ad504a,crotalus-scutulatus
8b88fdf313,crotalus-scutulatus
5f46d656ec,crotalus-scutulatus
316bdbcb02,crotalus-scutulatus
e72a84360b,crotalus-scutulatus
b639c34385,crotalus-scutulatus
37169c7bb0,crotalus-scutulatus
3addd707c9,crotalus-scutulatus
8cfc6dd3fc,crotalus-scutulatus
a2bfde867b,crotalus-scutulatus
22bddb0584,crotalus-scutulatus
4190fde1f9,crotalus-scutulatus
3d0d434f77,crotalus-scutulatus
f01f1bf65f,crotalus-scutulatus
5ac87d5d17,crotalus-scutulatus
3e3c7d6a97,crotalus-scutulatus
40b6a032cf,crotalus-scutulatus
b68524273d,crotalus-scutulatus
ab9310747f,crotalus-scutulatus
cf0eb86b3b,crotalus-scutulatus
e82ae7b777,crotalus-scutulatus
0124071f58,crotalus-scutulatus
37acecc0dd,crotalus-scutulatus
23c8856939,crotalus-scutulatus
40ae26e406,crotalus-scutulatus
4af1ee7c2d,crotalus-scutulatus
3fee6efbe8,crotalus-scutulatus
2d29d24cdb,crotalus-scutulatus
0d39054a9c,crotalus-scutulatus
25f552c213,crotalus-scutulatus
9a9ff1f37e,crotalus-scutulatus
9685d88cba,crotalus-scutulatus
95f1a02753,crotalus-scutulatus
c9cec706f3,crotalus-scutulatus
d842503f72,crotalus-scutulatus
3ae45feeeb,crotalus-scutulatus
5179b57412,crotalus-scutulatus
ff0d5db8c9,crotalus-scutulatus
c47ad4521c,crotalus-scutulatus
4086ec30bf,crotalus-scutulatus
fb500e597c,crotalus-scutulatus
0fdca857ba,crotalus-scutulatus
16e3dff323,crotalus-scutulatus
70463ea3f3,crotalus-scutulatus
9de805091c,crotalus-scutulatus
3e2ba8887b,crotalus-scutulatus
0a238c03e4,crotalus-scutulatus
8c27c26f9f,crotalus-scutulatus
447e96a831,crotalus-scutulatus
4c173568d9,crotalus-scutulatus
5948054f6e,crotalus-scutulatus
cfb9943f32,crotalus-scutulatus
0989b197e5,crotalus-scutulatus
93d698c9bb,crotalus-scutulatus
40ff71dcbb,crotalus-scutulatus
ddb3ee4efc,crotalus-scutulatus
94b92dedec,crotalus-scutulatus
14da1fc791,crotalus-scutulatus
e97587c12c,crotalus-scutulatus
50e33fc24f,crotalus-scutulatus
2d146d1f12,crotalus-scutulatus
2e359108b2,crotalus-scutulatus
55a884982c,crotalus-scutulatus
cc40d66bfb,crotalus-scutulatus
a8f470944a,crotalus-scutulatus
b83f491562,crotalus-scutulatus
45cdae2a4e,crotalus-scutulatus
2c92500ad7,crotalus-scutulatus
380f7deecf,crotalus-scutulatus
9059623576,crotalus-scutulatus
276c2680f9,crotalus-scutulatus
2fa9ef0310,crotalus-scutulatus
d0c7913d75,crotalus-scutulatus
9ce405566f,crotalus-scutulatus
c98b81ad8a,crotalus-scutulatus
e3aa373714,crotalus-scutulatus
1e4f536605,crotalus-scutulatus
ec209ef519,crotalus-scutulatus
582700d0c7,crotalus-scutulatus
7727cb44a1,crotalus-scutulatus
bc92129dc2,crotalus-scutulatus
d92656ecc3,crotalus-scutulatus
d76ff1ac44,crotalus-scutulatus
3034db32e1,crotalus-scutulatus
35b6982636,crotalus-scutulatus
1ac3b66cc3,crotalus-scutulatus
36534fcac5,crotalus-scutulatus
10b1acb0b6,crotalus-scutulatus
54dcbb96e0,crotalus-scutulatus
731da2fb12,crotalus-scutulatus
dce52386f5,crotalus-scutulatus
18b89918ca,crotalus-scutulatus
839899700a,crotalus-scutulatus
84614e40b8,crotalus-scutulatus
a7723f7ef4,crotalus-scutulatus
1d8ea15457,crotalus-scutulatus
a487c28099,crotalus-scutulatus
7240b699f4,crotalus-scutulatus
8a759fc288,crotalus-scutulatus
13b138dcc4,crotalus-scutulatus
f7be9664a7,crotalus-scutulatus
641a4f65bc,crotalus-scutulatus
bd4f7d349e,crotalus-scutulatus
000e2d0a91,crotalus-scutulatus
ce502ba8a0,crotalus-scutulatus
97d93358ab,crotalus-scutulatus
46f9560c99,crotalus-scutulatus
5888a3e522,crotalus-scutulatus
84d4a08b93,crotalus-scutulatus
8293286f7c,crotalus-scutulatus
4c01b5b8ba,crotalus-scutulatus
13854590ea,crotalus-scutulatus
1a019b53b3,crotalus-scutulatus
7f2637a665,crotalus-scutulatus
46d28d1bf2,crotalus-scutulatus
ba4c35ebf2,crotalus-scutulatus
c4476648be,crotalus-scutulatus
0e8f2965b4,crotalus-scutulatus
e4bcba036b,crotalus-scutulatus
dc6f3721ba,crotalus-scutulatus
e9b8444822,crotalus-scutulatus
02eda2c865,crotalus-scutulatus
32edd9e217,crotalus-scutulatus
0a23c6dbed,crotalus-scutulatus
0138d2cb1a,crotalus-scutulatus
a265b17556,crotalus-scutulatus
5360e19610,crotalus-scutulatus
6929c425fd,crotalus-scutulatus
d1006244a6,crotalus-scutulatus
561e39734f,crotalus-scutulatus
8f31a0a689,crotalus-scutulatus
7012d40d2f,crotalus-scutulatus
7a35c857bc,crotalus-scutulatus
f77e1aa99f,crotalus-scutulatus
75252599b9,crotalus-scutulatus
4af6d73d49,crotalus-scutulatus
cd7d579dab,crotalus-scutulatus
7b0ad73599,crotalus-scutulatus
34b33a11fa,crotalus-scutulatus
3170f538d1,crotalus-scutulatus
8586ab31a9,crotalus-scutulatus
08acf2e47d,crotalus-scutulatus
b1286d3868,crotalus-scutulatus
2d0f08fa36,crotalus-scutulatus
a0b9ba917f,crotalus-scutulatus
f40abd0edf,crotalus-scutulatus
3bd72284b8,crotalus-scutulatus
8b5cd0f884,crotalus-scutulatus
f8e59232c8,crotalus-scutulatus
572c5c3520,crotalus-scutulatus
957c00b573,crotalus-scutulatus
93e591cb23,crotalus-scutulatus
68a603b39d,crotalus-scutulatus
4f472510f3,crotalus-scutulatus
d6884444ae,crotalus-scutulatus
c0fa7df5de,crotalus-scutulatus
